revision_num,change_id,url,iteration_count,before_commit_id,after_commit_id,updated_files_list,at_least_one_updated_java_file,T(created),T(merged),LOC changed,subject,message,lack_of_cr_cr_smell,ping_pong_cr_smell,sleeping_reviews_cr_smell,missing_context_cr_smell,large_changesets_cr_smell,review_buddies_cr_smell,increased_code_smells
10777,I657dd11be165221ee58acf251d9304a829f8916c,https://git.eclipse.org/r/#/c/10777,2,55fcccbfd6bcbfade0a387fda2ecc490a61475eb,5556b634389127039c0200c9657fad698133b1bf,:bundles/org.eclipse.ui.ide/icons/full/ovr16/symlink_ovr.gif,false,2013-03-01,2013-03-05,0,Bug 401794 - overlay icon for symbolic links,"Bug 401794 - overlay icon for symbolic links

Use the flipped linked resource icon

Change-Id: I657dd11be165221ee58acf251d9304a829f8916c",true,false,true,false,false,false
10846,I7ca665801be7ba8a6272180606ffcc385ac61850,https://git.eclipse.org/r/#/c/10846,2,5556b634389127039c0200c9657fad698133b1bf,473563ad4b5d007a21d426807907947b26d7b853,:tests/org.eclipse.ui.tests.harness/src/org/eclipse/ui/tests/harness/util/UITestCase.java,true,2013-03-05,2013-03-05,8,Redundant else removed,"Redundant else removed

Change-Id: I7ca665801be7ba8a6272180606ffcc385ac61850",false,false,false,true,false,false
10860,Id3b90536d6f7afbcbfb5bc3a4cca8bff1df53627,https://git.eclipse.org/r/#/c/10860,7,6ee8a8ba9bb2e56baf6c808d533c67530cbc94c9,29102800c7e57a7c6d29097ee54e3204f5de42e2,:bundles/org.eclipse.e4.ui.workbench.renderers.swt/src/org/eclipse/e4/ui/workbench/renderers/swt/MenuManagerRenderer.java,true,2013-03-05,2013-04-04,82,Bug 374568 - Part menu is not rendered correctly after removing menu items,"Bug 374568 - Part menu is not rendered correctly after removing menu
items

Respond to incoming model changes.

Change-Id: Id3b90536d6f7afbcbfb5bc3a4cca8bff1df53627",true,true,false,false,false,false
10965,I6173fef319471b861618d7e0d8534cfb516cf5f1,https://git.eclipse.org/r/#/c/10965,2,ee1b6c2e1d67fbec6844331fcb8632ffad446622,b78ec0d5cd7556d57407d398b2e068dfea6b45c4,:/COMMIT_MSG:bundles/org.eclipse.ui.workbench/Eclipse UI/org/eclipse/ui/internal/keys/BindingService.java,true,2013-03-08,2013-03-08,29,bug 266604: [KeyBindings] Import keyBindings does not work https://bugs.eclipse.org/bugs/show_bug.cgi?id=266604,"bug 266604: [KeyBindings] Import keyBindings does not work
https://bugs.eclipse.org/bugs/show_bug.cgi?id=266604",false,false,false,false,false,false
10967,I61f0b869b5d10d0a9ae71cf151fcfc3fc28bcbe7,https://git.eclipse.org/r/#/c/10967,4,17ed31253ed47333b2417dd1a23bc6029dbb77da,97e97aa8abaabec2b1e68665aa7c987d3442cc91,:bundles/org.eclipse.ui.workbench/Eclipse UI/org/eclipse/ui/internal/keys/BindingService.java,true,2013-03-08,2013-04-05,28,Bug 383992: Juno: calling getPartialMatches causes a stack overflow https://bugs.eclipse.org/bugs/show_bug.cgi?id=383992,"Bug 383992: Juno: calling getPartialMatches causes a stack overflow
https://bugs.eclipse.org/bugs/show_bug.cgi?id=383992",false,true,false,false,false,false
10993,I9f20ca549d1d83f2d56b59e9d912293a098a9945,https://git.eclipse.org/r/#/c/10993,1,39618aa48f5138f1a1f87c23a16de494297ca624,00ab25987aa50fb7757a4470a4e3cdf99a655f01,:bundles/org.eclipse.ui.workbench/Eclipse UI/org/eclipse/ui/internal/services/EvaluationService.java:bundles/org.eclipse.e4.core.commands/src/org/eclipse/e4/core/commands/internal/HandlerServiceCreationFunction.java:bundles/org.eclipse.e4.ui.workbench/src/org/eclipse/e4/ui/internal/workbench/ProgressMonitorFunction.java:bundles/org.eclipse.ui.workbench/Eclipse UI/org/eclipse/ui/internal/menus/MenuHelper.java:bundles/org.eclipse.e4.ui.workbench.renderers.swt/src/org/eclipse/e4/ui/workbench/renderers/swt/ToolItemRenderer.java:bundles/org.eclipse.e4.ui.services/src/org/eclipse/e4/ui/internal/services/ContextContextFunction.java:bundles/org.eclipse.ui.workbench/Eclipse UI/org/eclipse/ui/internal/menus/MenuAdditionCacheEntry.java:bundles/org.eclipse.ui.workbench/Eclipse UI/org/eclipse/ui/internal/WorkbenchWindow.java:bundles/org.eclipse.e4.ui.bindings/src/org/eclipse/e4/ui/bindings/internal/BindingServiceCreationFunction.java:bundles/org.eclipse.e4.ui.workbench.renderers.swt/src/org/eclipse/e4/ui/workbench/renderers/swt/DirectContributionItem.java:bundles/org.eclipse.e4.ui.workbench/src/org/eclipse/e4/ui/workbench/modeling/ExpressionContext.java:bundles/org.eclipse.e4.core.commands/src/org/eclipse/e4/core/commands/internal/CommandServiceCreationFunction.java:bundles/org.eclipse.ui.workbench/Eclipse UI/org/eclipse/ui/internal/e4/compatibility/CompatibilityView.java:bundles/org.eclipse.e4.ui.services/src/org/eclipse/e4/ui/internal/services/ActiveContextsFunction.java:bundles/org.eclipse.e4.ui.workbench.swt/src/org/eclipse/e4/ui/internal/workbench/swt/E4Application.java:bundles/org.eclipse.ui.workbench/Eclipse UI/org/eclipse/ui/part/PageSite.java:bundles/org.eclipse.e4.ui.services/src/org/eclipse/e4/ui/services/events/EventBrokerFactory.java:/COMMIT_MSG:bundles/org.eclipse.ui.workbench/Eclipse UI/org/eclipse/ui/internal/menus/ContributionFactoryGenerator.java:bundles/org.eclipse.ui.workbench/Eclipse UI/org/eclipse/ui/internal/handlers/LegacyHandlerService.java:tests/org.eclipse.e4.ui.tests/src/org/eclipse/e4/ui/tests/application/Bug299755Test.java:tests/org.eclipse.e4.ui.tests/src/org/eclipse/e4/ui/tests/application/Bug320857Test.java:bundles/org.eclipse.e4.ui.workbench.swt/src/org/eclipse/e4/ui/internal/workbench/swt/StatusReporterCreationFunction.java:tests/org.eclipse.e4.ui.tests/src/org/eclipse/e4/ui/tests/application/Bug308220Test.java:bundles/org.eclipse.e4.ui.workbench.renderers.swt/src/org/eclipse/e4/ui/workbench/renderers/swt/ToolBarContributionRecord.java:bundles/org.eclipse.ui.workbench/Eclipse UI/org/eclipse/ui/internal/Workbench.java:bundles/org.eclipse.e4.ui.workbench.renderers.swt/src/org/eclipse/e4/ui/workbench/renderers/swt/HandledContributionItem.java:bundles/org.eclipse.e4.ui.workbench/src/org/eclipse/e4/ui/internal/workbench/PartServiceCreationFunction.java:bundles/org.eclipse.ui.workbench/Eclipse UI/org/eclipse/ui/internal/WorkbenchPlugin.java:bundles/org.eclipse.e4.ui.workbench.renderers.swt/src/org/eclipse/e4/ui/workbench/renderers/swt/ContributionRecord.java:bundles/org.eclipse.e4.ui.workbench/src/org/eclipse/e4/ui/internal/workbench/ActivePartLookupFunction.java:bundles/org.eclipse.e4.ui.workbench.renderers.swt/src/org/eclipse/e4/ui/workbench/renderers/swt/MenuManagerRenderer.java:bundles/org.eclipse.e4.ui.workbench.renderers.swt/src/org/eclipse/e4/ui/workbench/renderers/swt/ToolBarManagerRenderer.java:bundles/org.eclipse.e4.ui.workbench/src/org/eclipse/e4/ui/internal/workbench/ActiveChildLookupFunction.java:bundles/org.eclipse.ui.workbench/Eclipse UI/org/eclipse/ui/internal/PartSite.java:bundles/org.eclipse.ui.workbench/Eclipse UI/org/eclipse/ui/part/MultiPageEditorSite.java:examples/org.eclipse.e4.demo.e4photo/src/org/eclipse/e4/demo/e4photo/RealmFunction.java,true,2013-03-08,2013-03-08,151,Bug 401933 - [Contexts] IContextFunction should receive the lookup key,"Bug 401933 - [Contexts] IContextFunction should receive the lookup key

Change to new IContextFunction#compute(IEclipseContext,String)",false,false,false,false,false,false
11055,I3075a5fafad91e3721c6c92db464ab50027deb04,https://git.eclipse.org/r/#/c/11055,2,cd1d64472905fe28bc97b1014abfe54fb6c22909,bb677431f9da51085ca5912ae0f8354b8aa3986e,:bundles/org.eclipse.e4.ui.workbench/src/org/eclipse/e4/ui/workbench/IWorkbench.java:bundles/org.eclipse.e4.ui.workbench/src/org/eclipse/e4/ui/internal/workbench/E4Workbench.java:bundles/org.eclipse.e4.ui.workbench.swt/src/org/eclipse/e4/ui/internal/workbench/swt/E4Application.java,true,2013-03-11,2013-03-11,26,Bug 391186 - Add restart() to IWorkbench,"Bug 391186 - Add restart() to IWorkbench

Change-Id: I3075a5fafad91e3721c6c92db464ab50027deb04",false,false,false,true,false,false
11058,Ie4c13a3e8c72f193e73b9ad70e12419ae638ea02,https://git.eclipse.org/r/#/c/11058,3,bb677431f9da51085ca5912ae0f8354b8aa3986e,d82040a634102243b629a28626bd937ebc335ae9,:bundles/org.eclipse.e4.ui.model.workbench/src/org/eclipse/e4/ui/model/application/ui/menu/MToolBarContributions.java:bundles/org.eclipse.e4.ui.model.workbench/src/org/eclipse/e4/ui/model/application/ui/menu/MToolBarSeparator.java:bundles/org.eclipse.e4.ui.model.workbench/src/org/eclipse/e4/ui/model/application/ui/advanced/MPlaceholder.java:bundles/org.eclipse.e4.ui.model.workbench/src/org/eclipse/e4/ui/model/application/ui/MContext.java:bundles/org.eclipse.e4.ui.model.workbench/src/org/eclipse/e4/ui/model/application/ui/menu/MToolBar.java:bundles/org.eclipse.e4.ui.model.workbench/src/org/eclipse/e4/ui/model/application/MApplicationElement.java:bundles/org.eclipse.e4.ui.model.workbench/src/org/eclipse/e4/ui/model/application/ui/MGenericTile.java:bundles/org.eclipse.e4.ui.model.workbench/src/org/eclipse/e4/ui/model/application/ui/basic/MTrimmedWindow.java:bundles/org.eclipse.e4.ui.model.workbench/src/org/eclipse/e4/ui/model/application/ui/menu/MMenuContribution.java:bundles/org.eclipse.e4.ui.model.workbench/src/org/eclipse/e4/ui/model/application/commands/MHandlerContainer.java:bundles/org.eclipse.e4.ui.model.workbench/src/org/eclipse/e4/ui/model/application/ui/menu/MToolBarContribution.java:bundles/org.eclipse.e4.ui.model.workbench/src/org/eclipse/e4/ui/model/application/commands/MKeyBinding.java:bundles/org.eclipse.e4.ui.model.workbench/src/org/eclipse/e4/ui/model/application/ui/MGenericStack.java:bundles/org.eclipse.e4.ui.model.workbench/src/org/eclipse/e4/ui/model/application/ui/MUIElement.java:bundles/org.eclipse.e4.ui.model.workbench/src/org/eclipse/e4/ui/model/application/ui/MUILabel.java:bundles/org.eclipse.e4.ui.model.workbench/src/org/eclipse/e4/ui/model/application/ui/basic/MPartSashContainer.java:bundles/org.eclipse.e4.ui.model.workbench/src/org/eclipse/e4/ui/model/application/ui/MExpression.java:bundles/org.eclipse.e4.ui.model.workbench/src/org/eclipse/e4/ui/model/application/ui/menu/MMenuItem.java:bundles/org.eclipse.e4.ui.model.workbench/src/org/eclipse/e4/ui/model/application/ui/MSnippetContainer.java:bundles/org.eclipse.e4.ui.model.workbench/src/org/eclipse/e4/ui/model/application/ui/menu/MHandledToolItem.java:bundles/org.eclipse.e4.ui.model.workbench/src/org/eclipse/e4/ui/model/application/ui/menu/MToolItem.java:bundles/org.eclipse.e4.ui.model.workbench/src/org/eclipse/e4/ui/model/application/ui/menu/MMenuSeparator.java:bundles/org.eclipse.e4.ui.model.workbench/src/org/eclipse/e4/ui/model/application/commands/MCommandParameter.java:bundles/org.eclipse.e4.ui.model.workbench/src/org/eclipse/e4/ui/model/application/descriptor/basic/MPartDescriptor.java:bundles/org.eclipse.e4.ui.model.workbench/src/org/eclipse/e4/ui/model/application/ui/menu/MPopupMenu.java:bundles/org.eclipse.e4.ui.model.workbench/src/org/eclipse/e4/ui/model/application/ui/menu/MToolBarElement.java:bundles/org.eclipse.e4.ui.model.workbench/src/org/eclipse/e4/ui/model/application/ui/menu/MMenu.java:bundles/org.eclipse.e4.ui.model.workbench/src/org/eclipse/e4/ui/model/application/ui/MElementContainer.java:bundles/org.eclipse.e4.ui.model.workbench/src/org/eclipse/e4/ui/model/application/ui/menu/MRenderedToolBar.java:bundles/org.eclipse.e4.ui.model.workbench/model/UIElements.genmodel:bundles/org.eclipse.e4.ui.model.workbench/src/org/eclipse/e4/ui/model/application/ui/menu/MDirectToolItem.java:bundles/org.eclipse.e4.ui.model.workbench/src/org/eclipse/e4/ui/model/application/ui/basic/MWindow.java:bundles/org.eclipse.e4.ui.model.workbench/src/org/eclipse/e4/ui/model/fragment/MModelFragments.java:bundles/org.eclipse.e4.ui.model.workbench/src/org/eclipse/e4/ui/model/application/ui/MGenericTrimContainer.java:bundles/org.eclipse.e4.ui.model.workbench/src/org/eclipse/e4/ui/model/application/ui/menu/MOpaqueMenu.java:bundles/org.eclipse.e4.ui.model.workbench/src/org/eclipse/e4/ui/model/application/ui/basic/MPartStack.java:bundles/org.eclipse.e4.ui.model.workbench/src/org/eclipse/e4/ui/model/application/ui/menu/MToolControl.java:bundles/org.eclipse.e4.ui.model.workbench/templates/model/Class.javajet:bundles/org.eclipse.e4.ui.model.workbench/src/org/eclipse/e4/ui/model/application/ui/basic/MTrimBar.java:bundles/org.eclipse.e4.ui.model.workbench/src/org/eclipse/e4/ui/model/fragment/MStringModelFragment.java:bundles/org.eclipse.e4.ui.model.workbench/src/org/eclipse/e4/ui/model/application/ui/menu/MOpaqueToolItem.java:bundles/org.eclipse.e4.ui.model.workbench/src/org/eclipse/e4/ui/model/application/MAddon.java:bundles/org.eclipse.e4.ui.model.workbench/src/org/eclipse/e4/ui/model/application/ui/menu/MRenderedMenu.java:bundles/org.eclipse.e4.ui.model.workbench/src/org/eclipse/e4/ui/model/application/ui/advanced/MArea.java:bundles/org.eclipse.e4.ui.model.workbench/src/org/eclipse/e4/ui/model/application/ui/menu/MDynamicMenuContribution.java:bundles/org.eclipse.e4.ui.model.workbench/src/org/eclipse/e4/ui/model/application/ui/basic/MWindowElement.java:bundles/org.eclipse.e4.ui.model.workbench/src/org/eclipse/e4/ui/model/application/ui/menu/MMenuContributions.java:bundles/org.eclipse.e4.ui.model.workbench/src/org/eclipse/e4/ui/model/application/ui/basic/MPartSashContainerElement.java:bundles/org.eclipse.e4.ui.model.workbench/src/org/eclipse/e4/ui/model/application/ui/advanced/MPerspective.java:bundles/org.eclipse.e4.ui.model.workbench/src/org/eclipse/e4/ui/model/application/commands/MBindingTable.java:bundles/org.eclipse.e4.ui.model.workbench/src/org/eclipse/e4/ui/model/application/ui/MInput.java:bundles/org.eclipse.e4.ui.model.workbench/src/org/eclipse/e4/ui/model/application/ui/MCoreExpression.java:bundles/org.eclipse.e4.ui.model.workbench/src/org/eclipse/e4/ui/model/application/ui/basic/MStackElement.java:bundles/org.eclipse.e4.ui.model.workbench/src/org/eclipse/e4/ui/model/application/ui/menu/MDirectMenuItem.java:bundles/org.eclipse.e4.ui.model.workbench/src/org/eclipse/e4/ui/model/application/commands/MHandler.java:bundles/org.eclipse.e4.ui.model.workbench/src/org/eclipse/e4/ui/model/application/commands/MCategory.java:bundles/org.eclipse.e4.ui.model.workbench/src/org/eclipse/e4/ui/model/application/ui/basic/MTrimElement.java:bundles/org.eclipse.e4.ui.model.workbench/src/org/eclipse/e4/ui/model/application/commands/MBindingTableContainer.java:bundles/org.eclipse.e4.ui.model.workbench/src/org/eclipse/e4/ui/model/application/commands/MBindings.java:bundles/org.eclipse.e4.ui.model.workbench/src/org/eclipse/e4/ui/model/application/ui/menu/MHandledMenuItem.java:bundles/org.eclipse.e4.ui.model.workbench/src/org/eclipse/e4/ui/model/application/commands/MKeySequence.java:bundles/org.eclipse.e4.ui.model.workbench/src/org/eclipse/e4/ui/model/application/commands/MParameter.java:bundles/org.eclipse.e4.ui.model.workbench/src/org/eclipse/e4/ui/model/fragment/MModelFragment.java:bundles/org.eclipse.e4.ui.model.workbench/templates/model/README.txt:bundles/org.eclipse.e4.ui.model.workbench/src/org/eclipse/e4/ui/model/application/ui/MDirtyable.java:bundles/org.eclipse.e4.ui.model.workbench/src/org/eclipse/e4/ui/model/application/ui/menu/MOpaqueMenuSeparator.java:bundles/org.eclipse.e4.ui.model.workbench/src/org/eclipse/e4/ui/model/application/commands/MCommand.java:bundles/org.eclipse.e4.ui.model.workbench/model/ModelFragment.ecore:bundles/org.eclipse.e4.ui.model.workbench/model/UIElements.ecore:/COMMIT_MSG:bundles/org.eclipse.e4.ui.model.workbench/src/org/eclipse/e4/ui/model/application/ui/basic/MPart.java:bundles/org.eclipse.e4.ui.model.workbench/src/org/eclipse/e4/ui/model/application/ui/menu/MRenderedMenuItem.java:bundles/org.eclipse.e4.ui.model.workbench/src/org/eclipse/e4/ui/model/application/commands/MBindingContext.java:bundles/org.eclipse.e4.ui.model.workbench/src/org/eclipse/e4/ui/model/application/MApplication.java:bundles/org.eclipse.e4.ui.model.workbench/src/org/eclipse/e4/ui/model/application/ui/advanced/MPerspectiveStack.java:bundles/org.eclipse.e4.ui.model.workbench/src/org/eclipse/e4/ui/model/application/ui/menu/MTrimContribution.java:bundles/org.eclipse.e4.ui.model.workbench/src/org/eclipse/e4/ui/model/application/ui/menu/MItem.java:bundles/org.eclipse.e4.ui.model.workbench/src/org/eclipse/e4/ui/model/application/ui/menu/MHandledItem.java:bundles/org.eclipse.e4.ui.model.workbench/src/org/eclipse/e4/ui/model/application/ui/menu/MMenuElement.java:bundles/org.eclipse.e4.ui.model.workbench/src/org/eclipse/e4/ui/model/application/MContribution.java:bundles/org.eclipse.e4.ui.model.workbench/src/org/eclipse/e4/ui/model/application/ui/menu/MOpaqueMenuItem.java:bundles/org.eclipse.e4.ui.model.workbench/src/org/eclipse/e4/ui/model/application/ui/menu/MTrimContributions.java:bundles/org.eclipse.e4.ui.model.workbench/src/org/eclipse/e4/ui/model/application/descriptor/basic/MPartDescriptorContainer.java,true,2013-03-11,2013-03-12,5540,bug 402764: Remove the MOpaque* model classes,"bug 402764: Remove the MOpaque* model classes

Note: All changes affect javadoc only:
* Mark MOpaque* and MRendered* as @noreference in the the model
* Add documentation nodes to all types and features in the model.
* Regenerate all interfaces to pick up new model doc comments",false,false,false,false,true,false
11059,Ia394130f1d815508146690eae38678840057c1d1,https://git.eclipse.org/r/#/c/11059,3,26f6222dee77c1eec3f2155438d78d35512dbbe2,c848d079f417f4e2b78736d479b21066d52976e1,:/COMMIT_MSG:bundles/org.eclipse.e4.ui.workbench/src/org/eclipse/e4/ui/internal/workbench/ModelServiceImpl.java,true,2013-03-11,2013-03-12,222,bug 402781: [API] Extend the EModelService to provide factory capabilities for model elements,"bug 402781: [API] Extend the EModelService to provide factory
capabilities for model elements",false,false,false,false,false,false
11060,I663fb5b562932d5f2bb8b2caf0075eb86b6b7db8,https://git.eclipse.org/r/#/c/11060,1,a6a6037e255d5dc00005313e06bc241c8a72231c,f230bbd92f304e5c0bde3d869349b1e39a1a1e1f,:bundles/org.eclipse.jface/src/org/eclipse/jface/dialogs/TitleAreaDialog.java,true,2013-03-11,2013-03-11,22,Bug 248410 - [Wizards] Accessibility: User is not alerted to error message displayed in wizard dialog,"Bug 248410 - [Wizards] Accessibility: User is not alerted to error
message displayed in wizard dialog

Mark the status label as a live area and update it on text change.

Change-Id: I663fb5b562932d5f2bb8b2caf0075eb86b6b7db8",true,false,false,false,false,false
11192,I72386417e81ca74883dc1e77835e5e37df062fb0,https://git.eclipse.org/r/#/c/11192,4,8293410022d9e8ee4a2eaa3024b89e71f72a8c8e,6d6b68920c87b83ca9521c3da1087c8b800fe411,:tests/pom.xml:tests/org.eclipse.e4.ui.compatibility.tests/pom.xml:tests/org.eclipse.e4.ui.menu.tests.p3/pom.xml:tests/org.eclipse.ui.tests/pom.xml:tests/org.eclipse.e4.emf.xpath.test/pom.xml:tests/org.eclipse.e4.ui.menu.tests.p1/pom.xml:tests/org.eclipse.e4.ui.menu.tests.p2/pom.xml:tests/org.eclipse.e4.ui.tests.css.swt/pom.xml:tests/org.eclipse.e4.ui.bindings.tests/pom.xml:pom.xml:tests/org.eclipse.e4.ui.menu.tests.debug/pom.xml:tests/org.eclipse.e4.ui.tests/pom.xml:tests/org.eclipse.ui.tests.forms/pom.xml:tests/org.eclipse.e4.ui.compat.tests.tweaklet/pom.xml:tests/org.eclipse.ui.tests.rcp/pom.xml:tests/org.eclipse.e4.ui.tests.css.core/pom.xml:/COMMIT_MSG:tests/org.eclipse.ui.tests.harness/pom.xml:tests/org.eclipse.jface.tests.databinding/pom.xml:tests/org.eclipse.ui.tests.views.properties.tabbed/pom.xml:tests/org.eclipse.e4.ui.menu.tests/pom.xml:tests/org.eclipse.e4.ui.keybinding.tests/pom.xml:tests/org.eclipse.ui.tests.browser/pom.xml:tests/org.eclipse.e4.core.commands.tests/pom.xml:tests/org.eclipse.jface.tests.databinding.conformance/pom.xml:tests/org.eclipse.ui.tests.performance/pom.xml:tests/org.eclipse.ui.tests.navigator/pom.xml,false,2013-03-15,2013-04-09,165,Bug 401776 - [CBI] too many compile warnings,"Bug 401776 - [CBI] too many compile warnings

surpress warnings in the UI tests by providing a common
test parent.

Change-Id: I72386417e81ca74883dc1e77835e5e37df062fb0",false,true,false,false,false,false
11195,Iafd368bbbabee3a9469620a61e470cbc1d3f1911,https://git.eclipse.org/r/#/c/11195,4,529f0f8cb4e00d8b05297ee5020d3ba0944e8093,edbefdda84b77f813185f5063faeaffcddb7a79c,:bundles/org.eclipse.e4.ui.workbench.renderers.swt/src/org/eclipse/e4/ui/workbench/renderers/swt/MenuManagerHideProcessor.java:bundles/org.eclipse.e4.ui.workbench.renderers.swt/src/org/eclipse/e4/ui/workbench/renderers/swt/MenuManagerShowProcessor.java,true,2013-03-15,2013-03-18,18,[403081] Missing context in DynamicMenuContribution,[403081] Missing context in DynamicMenuContribution,false,true,true,true,false,false
11196,Ia50ea4adf2c0aae6d2a69227c7e7c1a0ca3b3844,https://git.eclipse.org/r/#/c/11196,4,59d455913b70211c7a631ed919040d00ff4ebf67,eeef973f472fd3a460eb74ad8ac846f2afd56ec0,:bundles/org.eclipse.e4.ui.workbench.renderers.swt/src/org/eclipse/e4/ui/workbench/renderers/swt/MenuManagerHideProcessor.java:bundles/org.eclipse.e4.ui.workbench.renderers.swt/src/org/eclipse/e4/ui/workbench/renderers/swt/MenuManagerShowProcessor.java,true,2013-03-15,2013-03-18,20,[403083] MDynamicMenuContribution @AboutToHide is not optional,[403083] MDynamicMenuContribution @AboutToHide is not optional,false,true,true,true,false,false
11254,Ic9f692b96b8c3d9693363220d27c6956f26f47fb,https://git.eclipse.org/r/#/c/11254,2,ef8fc4bcd238cca0639b4678248d9b2485bd81fa,f6c41a1e28f747c94d58ceb296b853469b7de190,:/COMMIT_MSG,false,2013-03-17,2013-03-18,6,bug 403235 - CommandContributionItem have to restore contributed tooltip when handler changes,"bug 403235 - CommandContributionItem have to restore contributed tooltip
when handler changes

Change-Id: Ic9f692b96b8c3d9693363220d27c6956f26f47fb",false,false,false,false,false,false
11292,Ifac0df7e821e3a769a7e610c585c4ff9a15c5a25,https://git.eclipse.org/r/#/c/11292,1,f6c41a1e28f747c94d58ceb296b853469b7de190,9d0897cacbe5a3326db1ff54eb2788ca63a69da0,:bundles/org.eclipse.jface/src/org/eclipse/jface/preference/PreferenceDialog.java,true,2013-03-18,2013-03-19,2,[Bug 402378] PreferenceDialog sets wrong min size of the ScrolledComposite when switching through the pages.,"[Bug 402378] PreferenceDialog sets wrong min size of the
ScrolledComposite when switching through the pages.

When showing a page, don't call setSize() of the page. Instead call
setSize() of the control to avoid the effects described in the bug.

Change-Id: Ifac0df7e821e3a769a7e610c585c4ff9a15c5a25",false,false,false,false,false,false
11311,Ibbd1359b186316daf8e1aa6653a0a44841f4fbf5,https://git.eclipse.org/r/#/c/11311,2,d15451b1b676bce3420b1ed05b9275dcfe74cccc,809dae48df73ff3ab9b705bc23dfcd714f2207ba,:bundles/org.eclipse.ui.workbench/Eclipse UI/org/eclipse/ui/internal/Workbench.java,true,2013-03-19,2013-03-19,3,Bug 402912 - OutOfMemoryError when eclipse left overnight,"Bug 402912 - OutOfMemoryError when eclipse left overnight

We should not accumulate copies of the model as resources in our
resource set.

Change-Id: Ibbd1359b186316daf8e1aa6653a0a44841f4fbf5",false,false,false,false,false,false
11423,I6584407200d27b4df1c10c9a5ff93cc31004ef86,https://git.eclipse.org/r/#/c/11423,2,315da5a7dce073daeea1d8a2a577307de6a772bd,4f8b011b35f3b9be6bd32eec31113ba458a2b535,:bundles/org.eclipse.ui.forms/src/org/eclipse/ui/internal/forms/FormsPlugin.java,true,2013-03-25,2013-04-01,15,NEW - bug 369657: FormsPlugin (Activator) unnecessary extends AbstractUIPlugin  https://bugs.eclipse.org/bugs/show_bug.cgi?id=369657,"NEW - bug 369657: FormsPlugin (Activator) unnecessary extends
AbstractUIPlugin 
https://bugs.eclipse.org/bugs/show_bug.cgi?id=369657",false,false,false,false,false,false
11439,Ie2a237c5b640178ea443ba8e84d10af0c31c03d3,https://git.eclipse.org/r/#/c/11439,4,17cba35344b2cd72baacd2ed69448c923f6bfa63,765bf1df0a7fa63bb7da428c8a2040fc8e48c170,:bundles/org.eclipse.e4.ui.workbench/src/org/eclipse/e4/ui/internal/workbench/ResourceHandler.java:bundles/org.eclipse.e4.ui.workbench.swt/src/org/eclipse/e4/ui/internal/workbench/swt/E4Application.java,true,2013-03-25,2013-04-12,91,Bug 330135 - Start e4 RCP several times fails,Bug 330135 - Start e4 RCP several times fails,false,true,false,true,false,false
11513,I7fc59f89450a4e2f4f700e07a85c0388711fa50e,https://git.eclipse.org/r/#/c/11513,7,0c62c2225f3e21759ec9b3253c331d2a2209e86e,29540ac98f4bad4ba9d7dbe806b47ec97ec4b8f5,:tests/org.eclipse.e4.ui.tests/src/org/eclipse/e4/ui/tests/UIAllTests.java:bundles/org.eclipse.e4.ui.workbench.renderers.swt/src/org/eclipse/e4/ui/workbench/renderers/swt/WBWRenderer.java:/COMMIT_MSG:bundles/org.eclipse.e4.ui.workbench.renderers.swt/src/org/eclipse/e4/ui/workbench/renderers/swt/StackRenderer.java:bundles/org.eclipse.ui.workbench/Eclipse UI/org/eclipse/ui/internal/progress/WorkbenchSiteProgressService.java:bundles/org.eclipse.e4.ui.workbench.swt/src/org/eclipse/e4/ui/internal/workbench/swt/CSSConstants.java:tests/org.eclipse.e4.ui.tests/src/org/eclipse/e4/ui/workbench/renderers/swt/StackRendererTest.java:tests/org.eclipse.e4.ui.tests/src/org/eclipse/e4/ui/tests/workbench/SWTPartRendererTest.java:tests/org.eclipse.ui.tests/Eclipse UI Tests/org/eclipse/ui/tests/internal/InternalTestSuite.java:tests/org.eclipse.ui.tests/Eclipse UI Tests/org/eclipse/ui/tests/internal/WorkbenchSiteProgressServiceModelTagsTest.java:tests/org.eclipse.e4.ui.tests/META-INF/MANIFEST.MF:bundles/org.eclipse.e4.ui.workbench.renderers.swt/META-INF/MANIFEST.MF:tests/org.eclipse.ui.tests/META-INF/MANIFEST.MF,true,2013-03-27,2013-04-11,565,Bug 372466 - Part tabs no longer show that they are busy.,"Bug 372466 - Part tabs no longer show that they are busy. 

The refactoring of the first fix (I6c9829f2) has been done since it was
needed for the bug 371510, that is going to be solved in the similar
manner",false,true,false,false,true,false
11598,I6dd03256125e9579a9b04a68e768e9c72b883548,https://git.eclipse.org/r/#/c/11598,1,b361b501a7a938c8d67da25da9f51ca044fcbdc0,3203e30866d511beee2f17ffc541b33efd4750cd,:bundles/org.eclipse.e4.ui.workbench/pom.xml,false,2013-04-02,2013-04-02,2,Sync pom version with Manifest one.,Sync pom version with Manifest one.,false,false,false,true,false,false
11603,Iac8cd02e835171340e42b92f4bc4f2c861c9a2ce,https://git.eclipse.org/r/#/c/11603,1,3203e30866d511beee2f17ffc541b33efd4750cd,0825e7dace87f4602e0391cbcf3f8119d8058312,:bundles/org.eclipse.e4.ui.workbench.addons.swt/pom.xml,false,2013-04-02,2013-04-02,2,Another pom.xml version sync.,Another pom.xml version sync.,false,false,false,true,false,false
11686,I7e2ad852eea0035cef398529e4cae0b8565e7936,https://git.eclipse.org/r/#/c/11686,7,ab3df1c81b877d9075f55f9eb8e2a973cb3200c4,e3fd118163d6672b4c4ae52cc8563ac573499e20,:bundles/org.eclipse.ui.workbench/Eclipse UI/org/eclipse/ui/internal/CommandToModelProcessor.java:bundles/org.eclipse.ui.workbench/Eclipse UI/org/eclipse/ui/internal/services/EvaluationService.java:bundles/org.eclipse.ui.workbench/Eclipse UI/org/eclipse/ui/internal/handlers/E4HandlerProxy.java:bundles/org.eclipse.e4.core.commands/src/org/eclipse/e4/core/commands/internal/CommandServiceImpl.java:bundles/org.eclipse.e4.ui.workbench.renderers.swt/src/org/eclipse/e4/ui/workbench/renderers/swt/TrimBarRenderer.java:bundles/org.eclipse.ui.workbench/Eclipse UI/org/eclipse/ui/internal/handlers/CommandProxy.java:bundles/org.eclipse.e4.core.commands/src/org/eclipse/e4/core/commands/internal/HandlerServiceImpl.java:bundles/org.eclipse.e4.ui.workbench.renderers.swt/src/org/eclipse/e4/ui/workbench/renderers/swt/MenuManagerRendererFilter.java:bundles/org.eclipse.e4.core.commands/src/org/eclipse/e4/core/commands/CommandServiceAddon.java:bundles/org.eclipse.ui.workbench/Eclipse UI/org/eclipse/ui/internal/quickaccess/CommandProvider.java:bundles/org.eclipse.e4.ui.workbench.renderers.swt/src/org/eclipse/e4/ui/workbench/renderers/swt/RenderedToolBarRenderer.java:bundles/org.eclipse.ui.workbench/Eclipse UI/org/eclipse/ui/internal/commands/CommandManagerLegacyWrapper.java:bundles/org.eclipse.e4.core.commands/META-INF/MANIFEST.MF:bundles/org.eclipse.e4.core.commands/src/org/eclipse/e4/core/commands/ExpressionContext.java:bundles/org.eclipse.e4.ui.workbench.renderers.swt/src/org/eclipse/e4/ui/workbench/renderers/swt/MenuItemRenderer.java:bundles/org.eclipse.e4.ui.workbench.renderers.swt/src/org/eclipse/e4/ui/workbench/renderers/swt/MenuRenderer.java:bundles/org.eclipse.ui.workbench/Eclipse UI/org/eclipse/ui/internal/contexts/ContextService.java:/COMMIT_MSG:bundles/org.eclipse.ui.workbench/Eclipse UI/org/eclipse/ui/internal/handlers/LegacyHandlerService.java:bundles/org.eclipse.e4.ui.workbench.renderers.swt/src/org/eclipse/e4/ui/workbench/renderers/swt/ToolBarContributionRecord.java:bundles/org.eclipse.e4.ui.workbench/src/org/eclipse/e4/ui/internal/workbench/E4Workbench.java:bundles/org.eclipse.ui.workbench/Eclipse UI/org/eclipse/ui/internal/Workbench.java:bundles/org.eclipse.ui.workbench/Eclipse UI/org/eclipse/ui/internal/WorkbenchHandlerServiceHandler.java:bundles/org.eclipse.e4.ui.workbench.renderers.swt/src/org/eclipse/e4/ui/workbench/renderers/swt/ToolBarRenderer.java:bundles/org.eclipse.ui.workbench/Eclipse UI/org/eclipse/ui/internal/commands/CommandPersistence.java:bundles/org.eclipse.e4.ui.workbench.renderers.swt/src/org/eclipse/e4/ui/workbench/renderers/swt/ContributionRecord.java:bundles/org.eclipse.ui.workbench/Eclipse UI/org/eclipse/ui/internal/menus/WorkbenchMenuService.java:tests/org.eclipse.ui.tests/Eclipse UI Tests/org/eclipse/ui/tests/commands/HandlerActivationTest.java:bundles/org.eclipse.e4.ui.workbench.renderers.swt/src/org/eclipse/e4/ui/workbench/renderers/swt/MenuManagerRenderer.java:bundles/org.eclipse.e4.ui.workbench/src/org/eclipse/e4/ui/internal/workbench/ContributionsAnalyzer.java:bundles/org.eclipse.ui.workbench/Eclipse UI/org/eclipse/ui/internal/services/EvaluationReference.java:bundles/org.eclipse.ui.workbench/Eclipse UI/org/eclipse/ui/internal/ShowInMenu.java:tests/org.eclipse.e4.core.commands.tests/META-INF/MANIFEST.MF:bundles/org.eclipse.ui.workbench/Eclipse UI/org/eclipse/ui/internal/MakeHandlersGo.java,true,2013-04-05,2013-04-17,1100,Bug 382839 - [Compatibility] 'Line Up' and 'Line Down' no longer work in content assist pop-up,"Bug 382839 - [Compatibility] 'Line Up' and 'Line Down' no longer work in content assist pop-up

Restructure how the Eclipse4 commands work with the regular
Command object.  Work in progress.

Change-Id: I7e2ad852eea0035cef398529e4cae0b8565e7936",true,true,true,false,true,false
11694,I7acbde5625fab23aa7fbe8932970773dc9c07a51,https://git.eclipse.org/r/#/c/11694,3,6b8eb3648baa2ca62a8a62ce8c56c297b9a2d9ce,0996003cd8ecd96877a6c673e2884765f2818d38,:/COMMIT_MSG,false,2013-04-05,2013-04-08,27,"Bug 391481 - Contributing perspectiveExtension, hiddenMenuItem removes a menu from multiple perspectives","Bug 391481 - Contributing perspectiveExtension, hiddenMenuItem removes a
menu from multiple perspectives

Change-Id: I7acbde5625fab23aa7fbe8932970773dc9c07a51",false,false,true,false,false,false
11729,I76113d30772c3415e2032fcf2f728590dc575acc,https://git.eclipse.org/r/#/c/11729,4,0996003cd8ecd96877a6c673e2884765f2818d38,afa9c50ed8ab8dbbb384a3e06ccd39da753148d6,:tests/org.eclipse.ui.tests/Eclipse UI Tests/org/eclipse/ui/tests/leaks/Bug397302Tests.java:bundles/org.eclipse.ui.workbench/Eclipse UI/org/eclipse/ui/AbstractSourceProvider.java,true,2013-04-08,2013-04-09,212,397302: AbstractSourceProvider.removeSourceProviderListener causes memory leak in many cases,"397302: AbstractSourceProvider.removeSourceProviderListener causes
memory leak in many cases

Change-Id: I76113d30772c3415e2032fcf2f728590dc575acc",false,true,false,false,false,false
11742,I9d9b07f0a05246cf79a6049f37f3d6b345abf9ad,https://git.eclipse.org/r/#/c/11742,8,dc389c8696c4adb461c6dc20d365e6c48eac10ae,54424fe820d715681180767be0937b2efa7c2ce7,:bundles/org.eclipse.e4.ui.workbench.renderers.swt/src/org/eclipse/e4/ui/workbench/renderers/swt/MenuManagerRenderer.java,true,2013-04-09,2013-11-15,18,Bug 375393 - Popup / Context Menu disapears after reopening a part (e4),"Bug 375393 - Popup / Context Menu disapears after reopening a part (e4)

Clean up any popup menus in the ContributedPartRenderer.

Change-Id: I9d9b07f0a05246cf79a6049f37f3d6b345abf9ad",false,true,true,false,false,false
11810,I1f0b0355e30ba8aa3f70caae3fdb1a1f52385083,https://git.eclipse.org/r/#/c/11810,3,5559fd5c0ccc267caf5b4059c731f05eb35c411b,26cc95b96387e7544b1e2a1f1f2e869e6120ddff,:bundles/org.eclipse.ui.workbench/Eclipse UI/org/eclipse/ui/internal/testing/WorkbenchTestable.java:bundles/org.eclipse.ui.workbench/Eclipse UI/org/eclipse/ui/internal/Workbench.java,true,2013-04-11,2013-04-11,47,Bug 405456 - Allow tests to disable auto-save job,"Bug 405456 - Allow tests to disable auto-save job

-Dorg.eclipse.ui.testsDisableWorkbenchAutoSave=true will disable the
auto-save tests.

Change-Id: I1f0b0355e30ba8aa3f70caae3fdb1a1f52385083",true,false,false,false,false,false
11812,I213821226aefc38fb7c4fc6b96f9f8230c823646,https://git.eclipse.org/r/#/c/11812,2,28d673a9dd17a2d9cc1f030974314259cc778298,55e517f20e45dbd2794e733645489099e7cda433,:bundles/org.eclipse.e4.ui.workbench.renderers.swt/src/org/eclipse/e4/ui/workbench/renderers/swt/MenuManagerRenderer.java,true,2013-04-11,2013-04-12,16,Bug 395839 - AbstractEList$BasicIndexOutOfBoundsException when opening a context menu,"Bug 395839 - AbstractEList$BasicIndexOutOfBoundsException when opening a
context menu",false,false,false,false,false,false
11880,I87afc4aae5b95e19ec6d8d46513da52c7150de63,https://git.eclipse.org/r/#/c/11880,2,e9506784e35a2ee2276978b4151fd0e93e99d1de,3ba9b2e264c29b017e921a97a9715efd10e4eb92,:bundles/org.eclipse.e4.ui.workbench.renderers.swt/src/org/eclipse/e4/ui/workbench/renderers/swt/MenuManagerRenderer.java,true,2013-04-13,2013-04-16,10,[405471] Incorrect handling of MMenu contribution in DynamicMenuContribution,"[405471] Incorrect handling of MMenu contribution in
DynamicMenuContribution",false,false,true,false,false,false
11912,I44d9d9434157a9cf5472d14bdce1dbe9c120227c,https://git.eclipse.org/r/#/c/11912,3,24565c440545098fd8f2835884a439bf38cac33f,fd6e1be8031b16362f8e2b6c76d180c14950e8b8,:/COMMIT_MSG:bundles/org.eclipse.ui.workbench/Eclipse UI/org/eclipse/ui/internal/handlers/E4HandlerProxy.java,true,2013-04-15,2013-04-17,13,Bug 394336 - File->Close menu item is disabled even when current editor is activated,"Bug 394336 - File->Close menu item is disabled even when current editor
is activated

ExpressionContext is used from the topmost context, not the leaf.

Change-Id: I44d9d9434157a9cf5472d14bdce1dbe9c120227c",true,false,false,false,false,false
11927,I044c8b2d81aed816dd44991836447a71f1756985,https://git.eclipse.org/r/#/c/11927,5,727b38c603083aec78c44bc5fd86feb46fbb373e,eb363b1b2258fad9ecc1d2b4b774e2e28ea44aaf,:tests/org.eclipse.e4.ui.tests/src/org/eclipse/e4/ui/tests/UIAllTests.java:/COMMIT_MSG:tests/org.eclipse.ui.tests/Eclipse UI Tests/org/eclipse/ui/tests/internal/WorkbenchSiteProgressServiceModelTagsTest.java:bundles/org.eclipse.e4.ui.workbench.renderers.swt/src/org/eclipse/e4/ui/workbench/renderers/swt/StackRenderer.java:bundles/org.eclipse.ui.workbench/Eclipse UI/org/eclipse/ui/internal/progress/WorkbenchSiteProgressService.java:bundles/org.eclipse.e4.ui.workbench.swt/src/org/eclipse/e4/ui/internal/workbench/swt/CSSConstants.java:tests/org.eclipse.e4.ui.tests/src/org/eclipse/e4/ui/workbench/renderers/swt/TabStateHandlerTest.java:tests/org.eclipse.e4.ui.tests/src/org/eclipse/e4/ui/workbench/renderers/swt/StackRendererTest.java,true,2013-04-15,2013-04-18,513,Bug 371510 - [Compatibility] IWorkbenchSiteProgressService.warnOfContentChange not implemented in 4.x,"Bug 371510 - [Compatibility]
IWorkbenchSiteProgressService.warnOfContentChange not implemented in 4.x",false,true,true,false,true,false
11938,If680a7d71c6433df37b3ddb8559acfc9346e2172,https://git.eclipse.org/r/#/c/11938,2,f01e17b84ce79de6d989026eebe3c9eec0506769,55e8e10a0ebf9296af223644461fec574842d929,:/COMMIT_MSG:bundles/org.eclipse.ui.workbench/Eclipse UI/org/eclipse/ui/internal/Workbench.java,true,2013-04-16,2013-04-17,104,Bug 338450 - [Compatibility] List of recently opened editors not persisted across workbench restarts,"Bug 338450 - [Compatibility] List of recently opened editors not
persisted across workbench restarts",false,false,false,false,false,false
11947,If60128abd7daacb031339e2f27a2efc80c39af61,https://git.eclipse.org/r/#/c/11947,2,9af3018ce9e3ee555b2c78f1e03d61a419ffaf2c,39ad2e055304a4ba3ee7be11084823d5f00b53db,:bundles/org.eclipse.ui.workbench/Eclipse UI/org/eclipse/ui/internal/WorkbenchMessages.java:bundles/org.eclipse.ui.workbench/Eclipse UI/org/eclipse/ui/internal/EditorReference.java:bundles/org.eclipse.ui.workbench/Eclipse UI/org/eclipse/ui/internal/messages.properties,true,2013-04-16,2013-04-17,12,Bug 405800 - The NPE when the editor with invalid resource gets active,Bug 405800 - The NPE when the editor with invalid resource gets active,false,false,false,true,false,false
11976,I6eb4e2db49f4f465ce957f87211828a150879861,https://git.eclipse.org/r/#/c/11976,3,cef8a76a15d0104cb4e40d149ddd3c25e2f49005,c8480fb89ee97cbc0508b6804203ce184e19562c,:bundles/org.eclipse.e4.ui.workbench.swt/src/org/eclipse/e4/ui/internal/workbench/swt/PartRenderingEngine.java:bundles/org.eclipse.ui.workbench/Eclipse UI/org/eclipse/ui/internal/menus/MenuHelper.java,true,2013-04-17,2013-04-19,37,398925: After prolonged usage Eclipse becomes unusable : java.lang.Object cannot be cast to org.eclipse.e4.core.commands.EHandlerService,"398925: After prolonged usage Eclipse becomes unusable :
java.lang.Object cannot be cast to
org.eclipse.e4.core.commands.EHandlerService

Added defensive code that  checks for unexpected return values from
IEvaluationContext.getVariable, logs a message and takes a reasonable
default action.

Change-Id: I6eb4e2db49f4f465ce957f87211828a150879861",false,false,false,false,false,false
11981,I99973d3a8cf25dc24002d136a7ff2048cac4b0f8,https://git.eclipse.org/r/#/c/11981,2,699d1912508e881107f9761d5d7c32830c250d1e,d475e95799701e533fda37565ca3e3c3a5f6395d,:bundles/org.eclipse.ui.workbench/Eclipse UI/org/eclipse/ui/internal/WorkbenchMessages.java:bundles/org.eclipse.ui.workbench/Eclipse UI/org/eclipse/ui/internal/EditorReference.java:bundles/org.eclipse.ui.workbench/Eclipse UI/org/eclipse/ui/internal/messages.properties,true,2013-04-17,2013-04-17,12,"Revert ""Bug 405800 - The NPE when the editor with invalid resource gets active""","Revert ""Bug 405800 - The NPE when the editor with invalid resource gets active""

This reverts commit 6a39b7ac76552bd160c621dc8f263e7935fb44b4

IEditorInput.exists() does not indicate whether the input/resource actually exists, e.g. compare editors return 'false'. With this change, opening any compare editor gives an error.

Change-Id: I99973d3a8cf25dc24002d136a7ff2048cac4b0f8",true,false,false,false,false,false
12008,I28787552d7118269862eacd738b248f0ebb94979,https://git.eclipse.org/r/#/c/12008,4,8d189373965b12aacb8569d8d0119a2ae0328fbe,81403e43ff1324e2e6acdf084ee58074cacf5e03,:bundles/org.eclipse.ui.workbench/Eclipse UI/org/eclipse/ui/internal/ViewReference.java:bundles/org.eclipse.ui.workbench/Eclipse UI/org/eclipse/ui/internal/EditorReference.java,true,2013-04-18,2013-04-19,14,Bug 405800 - The NPE when the editor with invalid resource gets active,"Bug 405800 - The NPE when the editor with invalid resource gets active

2nd version of fix",false,true,false,false,false,false
12027,I4ddfe03f49cfb99139679b1193ab868aae78ebd3,https://git.eclipse.org/r/#/c/12027,2,a77b4d817e36649754cff42cebb39b7e97b34b41,ffb19df18bd31f5ae88707ca459ae76992adc695,:/COMMIT_MSG:bundles/org.eclipse.e4.ui.workbench.renderers.swt/src/org/eclipse/e4/ui/workbench/renderers/swt/ToolBarManagerRenderer.java:bundles/org.eclipse.ui.workbench/Eclipse UI/org/eclipse/ui/internal/Workbench.java,true,2013-04-18,2013-04-26,281,Bug 366528 - [Compatibility] Implement IMenuService#populateContributionManager(*),"Bug 366528 - [Compatibility] Implement
IMenuService#populateContributionManager(*)

Work on using the MenuManagerRenderer or ToolBarManagerRenderer to fill
in the contribution manager.

Change-Id: I4ddfe03f49cfb99139679b1193ab868aae78ebd3",false,false,true,false,false,false
12028,I497a6efb015696372e07daf876fe8ee7faa2247a,https://git.eclipse.org/r/#/c/12028,4,36729013de698e7146905856689c846167d03fff,10239eb9f6860448f7268089dfe5a49e5734e3df,:tests/org.eclipse.e4.ui.tests/src/org/eclipse/e4/ui/tests/application/UIEventsTest.java:tests/org.eclipse.ui.tests/Eclipse UI Tests/org/eclipse/ui/tests/menus/MenuTestCase.java:bundles/org.eclipse.ui.workbench/Eclipse UI/org/eclipse/ui/internal/dialogs/CustomizePerspectiveDialog.java:bundles/org.eclipse.ui.workbench/Eclipse UI/org/eclipse/ui/internal/menus/MenuAdditionCacheEntry.java:bundles/org.eclipse.e4.ui.workbench.renderers.swt/src/org/eclipse/e4/ui/workbench/renderers/swt/MenuManagerRendererFilter.java:bundles/org.eclipse.ui.workbench/Eclipse UI/org/eclipse/ui/internal/WorkbenchWindow.java:tests/org.eclipse.ui.tests/plugin.xml:tests/org.eclipse.e4.ui.tests/src/org/eclipse/e4/ui/tests/application/EPartServiceTest.java:tests/org.eclipse.e4.ui.tests/src/org/eclipse/e4/ui/tests/application/HeadlessApplicationElementTest.java:bundles/org.eclipse.e4.ui.model.workbench/src/org/eclipse/e4/ui/model/internal/ModelUtils.java:bundles/org.eclipse.ui.workbench/Eclipse UI/org/eclipse/ui/internal/menus/SlaveMenuService.java:/COMMIT_MSG:tests/org.eclipse.e4.ui.tests/src/org/eclipse/e4/ui/tests/application/Bug320857Test.java:tests/org.eclipse.ui.tests/Eclipse UI Tests/org/eclipse/ui/tests/menus/MenuPopulationTest.java:tests/org.eclipse.ui.tests/Eclipse UI Tests/org/eclipse/ui/tests/menus/MenuVisibilityTest.java:bundles/org.eclipse.e4.ui.workbench/src/org/eclipse/e4/ui/internal/workbench/E4Workbench.java:bundles/org.eclipse.e4.ui.workbench.renderers.swt/src/org/eclipse/e4/ui/workbench/renderers/swt/HandledContributionItem.java:bundles/org.eclipse.ui.workbench/Eclipse UI/org/eclipse/ui/internal/menus/WorkbenchMenuService.java:bundles/org.eclipse.e4.ui.workbench.renderers.swt/src/org/eclipse/e4/ui/workbench/renderers/swt/MenuManagerRenderer.java:bundles/org.eclipse.e4.ui.workbench.renderers.swt/src/org/eclipse/e4/ui/workbench/renderers/swt/ToolBarManagerRenderer.java:bundles/org.eclipse.ui.workbench/Eclipse UI/org/eclipse/ui/internal/PartSite.java:tests/org.eclipse.ui.tests/Eclipse UI Tests/org/eclipse/ui/tests/menus/MenuBaseTests.java:tests/org.eclipse.e4.ui.tests/src/org/eclipse/e4/ui/tests/application/ESelectionServiceTest.java:bundles/org.eclipse.ui.workbench/Eclipse UI/org/eclipse/ui/internal/ShowInMenu.java,true,2013-04-18,2013-04-26,875,Bug 366528 - [Compatibility] Implement IMenuService#populateContributionManager,"Bug 366528 - [Compatibility] Implement IMenuService#populateContributionManager

Alternate implementation.  The model elements for populated toolbars and
menus are treated as transient data.  Must provide a ""bridge"" context
for the renderers to find and must hook up the UIEventPublisher as
they're not in the hierarchy.

Change-Id: I497a6efb015696372e07daf876fe8ee7faa2247a",true,true,true,false,true,false
12077,I62fd60d5f84f740193506ee27f8198784a8e7f38,https://git.eclipse.org/r/#/c/12077,1,0aef08438eaa44a9f60a4276bfa1028a56f040df,bf699ade30c5102fbfce3079244685ca6a1ad9d9,:/COMMIT_MSG,false,2013-04-19,2013-04-19,1,Bug 363807: [Compatibility] WorkbenchWindowAdvisor#postWindowCreate() never fired,"Bug 363807: [Compatibility] WorkbenchWindowAdvisor#postWindowCreate()
never fired

Change-Id: I62fd60d5f84f740193506ee27f8198784a8e7f38",false,false,false,false,false,false
12092,I2377dd497ecc43c7be3d7f8d5e4e68ab12b077fd,https://git.eclipse.org/r/#/c/12092,2,9acf0e81775dd307337cfacd391692e65301bd5a,4c8afc941732499a4dedd7eaa4980d9513df1716,:bundles/org.eclipse.ui.workbench/Eclipse UI/org/eclipse/ui/internal/progress/WorkbenchSiteProgressService.java,true,2013-04-22,2013-04-22,7,Bug 406109 - View title still italic (busy) when view is up-to-date,Bug 406109 - View title still italic (busy) when view is up-to-date,false,false,false,true,false,false
12098,Ifbd0e94e37d43b76b1dcbfbcbacb28c262c3ec11,https://git.eclipse.org/r/#/c/12098,2,ae8f9e55beb30edb73b5287012186492c763e157,f4d4b401e552c1262b4783a8d9e5c6ee7681e24e,:/COMMIT_MSG:bundles/org.eclipse.ui.workbench/Eclipse UI/org/eclipse/ui/internal/handlers/E4HandlerProxy.java:bundles/org.eclipse.e4.core.commands/src/org/eclipse/e4/core/commands/internal/SetEnabled.java,true,2013-04-22,2013-04-22,89,Bug 394336 - File->Close menu item is disabled even when current editor is activated,"Bug 394336 - File->Close menu item is disabled even when current editor
is activated

Fix is to make sure our handler setEnabled(*) is being called and the
handler enabled change firing is propagated.  Then remove calls that
generate stack overflows.

Change-Id: Ifbd0e94e37d43b76b1dcbfbcbacb28c262c3ec11",true,false,false,false,false,false
12153,I964c1d1dc181446bc0ddfdc5a153997dff3ef7c6,https://git.eclipse.org/r/#/c/12153,2,e9dbc32ff8d9f2ae3e1b9cabdcef169be10df143,c0387a10138c45d3d624a8268fc19747e27db4ab,:/COMMIT_MSG:bundles/org.eclipse.e4.ui.workbench.renderers.swt/src/org/eclipse/e4/ui/workbench/renderers/swt/StackRenderer.java,true,2013-04-24,2013-04-24,4,"Bug 406090 - Workbench window flickers, frequent view redraws","Bug 406090 - Workbench window flickers, frequent view redraws",false,false,false,true,false,false
12177,I9cdba5c4407ae40a9e41c11c15ef3a85ab81e835,https://git.eclipse.org/r/#/c/12177,5,4f31133504d645f36439b9b0ae956c0121c1b936,f539765d499729032fbe6034251850ca18529886,:bundles/org.eclipse.ui.workbench/Eclipse UI/org/eclipse/ui/internal/menus/ActionSet.java,true,2013-04-25,2013-09-20,13,Bug 384354 - Editor actions registered via extension point org.eclipse.ui.editorActions are shown twice in the toolbar.,"Bug 384354 - Editor actions registered via extension point
org.eclipse.ui.editorActions are shown twice in the toolbar.",false,true,true,false,false,false
12181,I9a7c08468aa1ac5af1ca1067bfe7fcf247b14fd6,https://git.eclipse.org/r/#/c/12181,3,13e46af6e24b216cbbbdc784034a854246603dbb,a0497da22ac5871d13327e55d582d3d8728a7d59,:bundles/org.eclipse.ui.workbench/Eclipse UI/org/eclipse/ui/internal/e4/compatibility/CompatibilityPart.java:bundles/org.eclipse.ui.workbench/Eclipse UI/org/eclipse/ui/internal/WorkbenchPage.java,true,2013-04-25,2013-04-25,8,Bug 387475 - Error in editor initialization cause NPE in accessing compatibility editor,"Bug 387475 - Error in editor initialization cause NPE in accessing
compatibility editor",false,false,false,false,false,false
12253,I1a4ab8fb2c03f323d33fe6e9efa2b32c79a7e483,https://git.eclipse.org/r/#/c/12253,1,52526d683126bb62d2a9cf37efa52dff7c19166e,7332c85e65fd66a55d0f041d0180564a54341825,:bundles/org.eclipse.ui.workbench/Eclipse UI/org/eclipse/ui/internal/e4/compatibility/CompatibilityView.java,true,2013-04-26,2013-04-27,12,Bug 402561 - Duplicate contributions in view menu and toolbar,Bug 402561 - Duplicate contributions in view menu and toolbar,false,false,false,true,false,false
12361,I775c75ec2a19d5f89f0e0dec50b49b0634e5389f,https://git.eclipse.org/r/#/c/12361,6,a1df742ef27c4a6b0dab43b7888642df7f4165c8,8be19d45473b4b6f538b5257f997679b336ea245,:/COMMIT_MSG,false,2013-04-29,2013-05-14,64,Bug 404016 - Regression to 4.x: Workbench window as runnable context does not work/block,"Bug 404016 - Regression to 4.x: Workbench window as runnable context
does not work/block

Disable most controls while in the ModelContext

Change-Id: I775c75ec2a19d5f89f0e0dec50b49b0634e5389f",false,true,false,false,false,false
12394,Ifd3383fa2ad0f5b51bd5df05f32eb8b23abde685,https://git.eclipse.org/r/#/c/12394,4,7ccbaa8c534507c96a7eca0dad2c20f2e6e2be57,8a34441d43af8c8048f005fd19c4a621a5fbdc63,:/COMMIT_MSG:bundles/org.eclipse.e4.ui.di/src/org/eclipse/e4/ui/di/Persist.java:bundles/org.eclipse.e4.ui.di/src/org/eclipse/e4/ui/di/UISynchronize.java:bundles/org.eclipse.e4.ui.workbench/src/org/eclipse/e4/ui/workbench/package.html:bundles/org.eclipse.e4.ui.di/src/org/eclipse/e4/ui/di/Focus.java:bundles/org.eclipse.e4.ui.di/src/org/eclipse/e4/ui/di/package.html:bundles/org.eclipse.e4.ui.di/src/org/eclipse/e4/ui/di/AboutToShow.java:bundles/org.eclipse.e4.ui.workbench/META-INF/MANIFEST.MF:bundles/org.eclipse.e4.ui.di/src/org/eclipse/e4/ui/di/PersistState.java:bundles/org.eclipse.e4.ui.di/src/org/eclipse/e4/ui/di/AboutToHide.java:bundles/org.eclipse.e4.ui.workbench/src/org/eclipse/e4/ui/workbench/IWorkbench.java:bundles/org.eclipse.e4.ui.workbench/src/org/eclipse/e4/ui/workbench/IExceptionHandler.java:bundles/org.eclipse.e4.ui.workbench/src/org/eclipse/e4/ui/workbench/IResourceUtilities.java:bundles/org.eclipse.e4.ui.workbench/src/org/eclipse/e4/ui/workbench/UIEvents.java:bundles/org.eclipse.e4.ui.di/src/org/eclipse/e4/ui/di/UIEventTopic.java:bundles/org.eclipse.e4.ui.di/META-INF/MANIFEST.MF:bundles/org.eclipse.e4.ui.workbench/src/org/eclipse/e4/ui/workbench/IPresentationEngine.java,true,2013-04-30,2013-05-01,134,Bug 406918 - There are still some 'Discouraged Access' warnings for things that should be API,"Bug 406918 - There are still some 'Discouraged Access' warnings for
things that should be API 

Change-Id: Ifd3383fa2ad0f5b51bd5df05f32eb8b23abde685",false,true,false,false,false,false
12397,I43bd05940bde3048df1ed497f239b9f92fa3a3d5,https://git.eclipse.org/r/#/c/12397,5,f2be403e0413a3a42d7c5af2706d1ee8f009f697,fb2331fa2350651278de0dc42de580c8b66a9167,:/COMMIT_MSG:bundles/org.eclipse.ui.workbench/Eclipse UI/org/eclipse/ui/internal/PluginActionCoolBarContributionItem.java:bundles/org.eclipse.e4.ui.workbench.renderers.swt/src/org/eclipse/e4/ui/workbench/renderers/swt/MenuManagerRenderer.java:bundles/org.eclipse.ui.workbench/Eclipse UI/org/eclipse/ui/internal/PluginActionContributionItem.java:bundles/org.eclipse.e4.ui.workbench.renderers.swt/src/org/eclipse/e4/ui/workbench/renderers/swt/ToolBarContributionRecord.java:bundles/org.eclipse.ui.workbench/Eclipse UI/org/eclipse/ui/internal/menus/MenuAdditionCacheEntry.java:bundles/org.eclipse.ui.workbench/Eclipse UI/org/eclipse/ui/internal/activities/Identifier.java,true,2013-04-30,2013-05-03,127,Bug 381765 - IActivityPatternBinding not filtering contributed menu items,"Bug 381765 - IActivityPatternBinding not filtering contributed menu
items

Activiate activity pattern filters for org.eclipse.ui.menus
contributions.

Change-Id: I43bd05940bde3048df1ed497f239b9f92fa3a3d5",true,true,false,false,false,false
12453,If59ac8bd0de4bd89a09b03dcd4538491f6d00e16,https://git.eclipse.org/r/#/c/12453,2,2db229431dc58e915daa1a16de772bcbbc13fe54,b9f027a745f85974001522c5b6c8c3b55a54b421,:/COMMIT_MSG:bundles/org.eclipse.ui.workbench/Eclipse UI/org/eclipse/ui/internal/handlers/E4HandlerProxy.java:bundles/org.eclipse.e4.ui.bindings/src/org/eclipse/e4/ui/bindings/keys/KeyBindingDispatcher.java,true,2013-05-02,2013-05-09,111,Bug 358018 - [KeyBindings] CMD+C not working in (JDT-)popups,"Bug 358018 - [KeyBindings] CMD+C not working in (JDT-)popups

Have Eclipse4 respect the IHandler.isHandled() method.

Change-Id: If59ac8bd0de4bd89a09b03dcd4538491f6d00e16",false,false,true,false,false,false
12463,I8d1bd596f41cc1cd9e22bdb7e1a48bc592ba4e45,https://git.eclipse.org/r/#/c/12463,2,16bcc820db2373da389aba7d139f856264211a9f,ec7197ceae1d77b00241ffda63d65fe3bf5a90d3,:bundles/org.eclipse.e4.ui.css.core/src/org/eclipse/e4/ui/css/core/impl/dom/StyleSheetListImpl.java:bundles/org.eclipse.e4.ui.css.core/src/org/eclipse/e4/ui/css/core/impl/dom/CSSPropertyImpl.java:bundles/org.eclipse.e4.ui.css.core/src/org/eclipse/e4/ui/css/core/impl/dom/CSSPageRuleImpl.java:bundles/org.eclipse.e4.ui.css.core/src/org/eclipse/e4/ui/css/core/impl/dom/CSSStyleRuleImpl.java:bundles/org.eclipse.e4.ui.css.core/src/org/eclipse/e4/ui/css/core/impl/dom/RGBColorImpl.java:bundles/org.eclipse.e4.ui.css.core/src/org/eclipse/e4/ui/css/core/impl/dom/StyleWrapper.java:bundles/org.eclipse.e4.ui.css.core/src/org/eclipse/e4/ui/css/core/impl/dom/ViewCSSImpl.java:bundles/org.eclipse.e4.ui.css.core/src/org/eclipse/e4/ui/css/core/impl/dom/CSSFontFaceRuleImpl.java:bundles/org.eclipse.e4.ui.css.core/src/org/eclipse/e4/ui/css/core/impl/dom/CSSPropertyListImpl.java:bundles/org.eclipse.e4.ui.css.core/src/org/eclipse/e4/ui/css/core/impl/dom/MediaListImpl.java:bundles/org.eclipse.ui.ide/src/org/eclipse/ui/internal/views/markers/MarkerCreationTimeField.java:bundles/org.eclipse.e4.ui.css.core/src/org/eclipse/e4/ui/css/core/impl/dom/CSSValueImpl.java:bundles/org.eclipse.e4.ui.css.core/src/org/eclipse/e4/ui/css/core/impl/dom/CounterImpl.java:bundles/org.eclipse.e4.ui.css.core/src/org/eclipse/e4/ui/css/core/impl/dom/CSSStyleDeclarationImpl.java:/COMMIT_MSG:bundles/org.eclipse.e4.ui.css.core/src/org/eclipse/e4/ui/css/core/impl/dom/CSSImportRuleImpl.java:bundles/org.eclipse.e4.ui.css.core/src/org/eclipse/e4/ui/css/core/impl/dom/CSSStyleSheetImpl.java:bundles/org.eclipse.e4.ui.css.core/src/org/eclipse/e4/ui/css/core/impl/dom/DocumentCSSImpl.java:bundles/org.eclipse.e4.ui.css.core/src/org/eclipse/e4/ui/css/core/impl/dom/CSSRuleListImpl.java:bundles/org.eclipse.e4.ui.css.core/src/org/eclipse/e4/ui/css/core/sac/ParserNotFoundException.java:bundles/org.eclipse.e4.ui.css.core/src/org/eclipse/e4/ui/css/core/impl/dom/CSSUnknownRuleImpl.java:bundles/org.eclipse.e4.ui.css.core/src/org/eclipse/e4/ui/css/core/impl/dom/RectImpl.java:bundles/org.eclipse.e4.ui.css.core/src/org/eclipse/e4/ui/css/core/exceptions/DOMExceptionImpl.java:bundles/org.eclipse.e4.ui.css.core/src/org/eclipse/e4/ui/css/core/impl/dom/CSSMediaRuleImpl.java:bundles/org.eclipse.e4.ui.css.core/src/org/eclipse/e4/ui/css/core/impl/dom/Measure.java,true,2013-05-02,2013-05-07,153,Bug 406705 - 19 Compile warnings about missing UIDs in css.core,"Bug 406705 - 19 Compile warnings about missing UIDs in css.core

Change-Id: I8d1bd596f41cc1cd9e22bdb7e1a48bc592ba4e45",false,false,true,true,false,false
12535,I6176cd2f758104d7a4a48f182e64748c781c12e5,https://git.eclipse.org/r/#/c/12535,1,62de2d4b5520e85bc110e8cda1a8cf29d23502a4,a26442a0d45733f51b464c16e17b74a426e756a1,:bundles/org.eclipse.ui.workbench/Eclipse UI/org/eclipse/ui/internal/Workbench.java,true,2013-05-06,2013-05-07,13,Bug 407289 - auto-save job dies if an exception occurs while running,"Bug 407289 - auto-save job dies if an exception occurs while running 

Always re-schedule the job when exiting.

Change-Id: I6176cd2f758104d7a4a48f182e64748c781c12e5",false,false,false,false,false,false
12578,I82a611b62f5da031bad7e9d3404ff8fc3f44a2c1,https://git.eclipse.org/r/#/c/12578,2,a26442a0d45733f51b464c16e17b74a426e756a1,a71dc6dc65f28d228cb74edb56eec0105116c182,:/COMMIT_MSG:bundles/org.eclipse.ui.workbench/Eclipse UI/org/eclipse/ui/internal/PluginActionCoolBarContributionItem.java:bundles/org.eclipse.e4.ui.workbench.renderers.swt/src/org/eclipse/e4/ui/workbench/renderers/swt/MenuManagerRenderer.java:bundles/org.eclipse.ui.workbench/Eclipse UI/org/eclipse/ui/internal/PluginActionContributionItem.java:bundles/org.eclipse.e4.ui.workbench.renderers.swt/src/org/eclipse/e4/ui/workbench/renderers/swt/ToolBarContributionRecord.java:bundles/org.eclipse.ui.workbench/Eclipse UI/org/eclipse/ui/internal/menus/MenuAdditionCacheEntry.java:bundles/org.eclipse.ui.workbench/Eclipse UI/org/eclipse/ui/internal/activities/Identifier.java,true,2013-05-07,2013-05-08,127,Bug 381765 - IActivityPatternBinding not filtering contributed menu items,"Bug 381765 - IActivityPatternBinding not filtering contributed menu
items

Activiate activity pattern filters for org.eclipse.ui.menus
contributions and catch actionSet toolbar changes.

Change-Id: I82a611b62f5da031bad7e9d3404ff8fc3f44a2c1",false,false,false,false,false,false
12581,I76aa6659ef0679d2d4f0c8d34925b6ed95b28537,https://git.eclipse.org/r/#/c/12581,2,1e9b8972cec15765da7ad160a1ef50c24eb316b6,4608cbe9ef2cec3d801e80724dabbb0bfcf5e185,:bundles/org.eclipse.e4.ui.model.workbench/src/org/eclipse/e4/ui/model/application/ui/menu/MToolBarContributions.java:bundles/org.eclipse.e4.ui.workbench/src/org/eclipse/e4/ui/workbench/modeling/IModelReconcilingService.java:bundles/org.eclipse.e4.ui.workbench/src/org/eclipse/e4/ui/workbench/modeling/IPartListener.java:bundles/org.eclipse.e4.ui.model.workbench/src/org/eclipse/e4/ui/model/application/ui/menu/MMenuContribution.java:bundles/org.eclipse.e4.ui.workbench/src/org/eclipse/e4/ui/workbench/modeling/IDelta.java:bundles/org.eclipse.ui.navigator.resources/src/org/eclipse/ui/navigator/resources/ProjectExplorer.java:bundles/org.eclipse.e4.ui.workbench/src/org/eclipse/e4/ui/workbench/modeling/ModelReconciler.java:bundles/org.eclipse.e4.ui.model.workbench/src/org/eclipse/e4/ui/model/application/ui/menu/MToolBarContribution.java:bundles/org.eclipse.e4.ui.workbench/src/org/eclipse/e4/ui/workbench/modeling/ModelHandlerBase.java:bundles/org.eclipse.e4.ui.workbench/src/org/eclipse/e4/ui/workbench/modeling/ISelectionListener.java:bundles/org.eclipse.e4.ui.workbench/src/org/eclipse/e4/ui/workbench/modeling/ISaveHandler.java:bundles/org.eclipse.e4.ui.model.workbench/src/org/eclipse/e4/ui/model/application/ui/menu/MOpaqueMenuSeparator.java:bundles/org.eclipse.e4.ui.workbench/src/org/eclipse/e4/ui/workbench/modeling/IWindowCloseHandler.java:bundles/org.eclipse.e4.ui.workbench/src/org/eclipse/e4/ui/workbench/modeling/EObjModelHandler.java:bundles/org.eclipse.e4.ui.model.workbench/model/UIElements.ecore:/COMMIT_MSG:bundles/org.eclipse.e4.ui.model.workbench/src/org/eclipse/e4/ui/model/application/ui/menu/MRenderedToolBar.java:bundles/org.eclipse.e4.ui.model.workbench/src/org/eclipse/e4/ui/model/application/ui/menu/MRenderedMenuItem.java:bundles/org.eclipse.e4.ui.workbench/src/org/eclipse/e4/ui/workbench/modeling/ModelService.java:bundles/org.eclipse.e4.ui.workbench/src/org/eclipse/e4/ui/workbench/modeling/EPartService.java:bundles/org.eclipse.e4.ui.workbench/src/org/eclipse/e4/ui/workbench/modeling/EPlaceholderResolver.java:bundles/org.eclipse.e4.ui.model.workbench/src/org/eclipse/e4/ui/model/application/ui/menu/MOpaqueMenu.java:bundles/org.eclipse.jface/src/org/eclipse/jface/internal/MenuManagerEventHelper.java:bundles/org.eclipse.e4.ui.model.workbench/src/org/eclipse/e4/ui/model/application/ui/menu/MTrimContribution.java:bundles/org.eclipse.e4.ui.services/src/org/eclipse/e4/ui/services/IServiceConstants.java:bundles/org.eclipse.e4.ui.workbench/src/org/eclipse/e4/ui/workbench/modeling/ModelDelta.java:bundles/org.eclipse.ui.navigator/src/org/eclipse/ui/navigator/CommonDropAdapterAssistant.java:bundles/org.eclipse.e4.ui.model.workbench/src/org/eclipse/e4/ui/model/application/ui/menu/MOpaqueToolItem.java:bundles/org.eclipse.e4.ui.model.workbench/src/org/eclipse/e4/ui/model/application/ui/menu/MOpaqueMenuItem.java:bundles/org.eclipse.e4.ui.model.workbench/src/org/eclipse/e4/ui/model/application/ui/menu/MTrimContributions.java:bundles/org.eclipse.e4.ui.model.workbench/src/org/eclipse/e4/ui/model/application/ui/menu/MRenderedMenu.java,true,2013-05-07,2013-05-15,88,Bug 406706 - API with @noreference needs class comment,"Bug 406706 - API with @noreference needs class comment

Change-Id: I76aa6659ef0679d2d4f0c8d34925b6ed95b28537",false,false,true,true,false,false
12586,I7ed97de48a96ab9be3c0f2a809414b479a3f1da9,https://git.eclipse.org/r/#/c/12586,4,749dcbeb9f02f4b1d9dda1be8a740e846e865cbb,e6665ac1739af747cd33d287a07cb7ef720f4374,:bundles/org.eclipse.e4.ui.workbench.swt/src/org/eclipse/e4/ui/internal/workbench/swt/PartRenderingEngine.java,true,2013-05-07,2013-05-10,26,Fix for Bug 407288 - IAE during auto-save job,"Fix for Bug 407288 - IAE during auto-save job

Change-Id: I7ed97de48a96ab9be3c0f2a809414b479a3f1da9",false,true,true,true,false,false
12596,I86f8b2b46db46ea9cc92154b38a5c019c757d2d8,https://git.eclipse.org/r/#/c/12596,4,8272dc11ab3425848bd01a9129bcd356bd505d84,d0518bc08743d52b5b2a62e8c07f06f56b2697be,:/COMMIT_MSG,false,2013-05-07,2013-05-13,221,Bug 407377 - CCE when trying to close minimized view via context menu,"Bug 407377 - CCE when trying to close minimized view via context menu

Change-Id: I86f8b2b46db46ea9cc92154b38a5c019c757d2d8",false,true,true,true,false,false
12643,I9141be2892c4e0efac9798e365fc89cc94b16ab1,https://git.eclipse.org/r/#/c/12643,2,6c3dd4931b4ac97020a8c4261e26f4bc6c5f36b8,52826d10dfb0b4a8fc8426b0b418e5f6efe3579e,:bundles/org.eclipse.e4.ui.workbench.renderers.swt/src/org/eclipse/e4/ui/workbench/renderers/swt/StackRenderer.java,true,2013-05-08,2013-05-09,132,Fix for Bug 406640 - Focus goes back to previous view after double click on file,"Fix for Bug 406640 - Focus goes back to previous view after double click
on file

Change-Id: I9141be2892c4e0efac9798e365fc89cc94b16ab1",false,false,false,false,false,false
12644,I88d8f5ec94dc37dba7dec5eb8baeb8e8c47e5e99,https://git.eclipse.org/r/#/c/12644,7,3079922328df29e66b68893923c8248557b196e2,f270f91801455fe6fcf01ba2dfeb157d8db1d1b8,:bundles/org.eclipse.e4.ui.model.workbench/src/org/eclipse/e4/ui/model/application/ui/menu/MToolBarContributions.java:bundles/org.eclipse.e4.ui.model.workbench/src/org/eclipse/e4/ui/model/application/ui/menu/MToolBarSeparator.java:bundles/org.eclipse.e4.ui.model.workbench/src/org/eclipse/e4/ui/model/application/descriptor/basic/impl/PartDescriptorImpl.java:bundles/org.eclipse.e4.ui.model.workbench/src/org/eclipse/e4/ui/model/application/ui/MContext.java:bundles/org.eclipse.e4.ui.model.workbench/src/org/eclipse/e4/ui/model/application/commands/util/CommandsSwitch.java:bundles/org.eclipse.e4.ui.model.workbench/src/org/eclipse/e4/ui/model/application/ui/menu/MToolBar.java:bundles/org.eclipse.e4.ui.model.workbench/src/org/eclipse/e4/ui/model/application/ui/basic/impl/BasicFactoryImpl.java:bundles/org.eclipse.e4.ui.model.workbench/src/org/eclipse/e4/ui/model/application/MApplicationElement.java:bundles/org.eclipse.e4.ui.model.workbench/src/org/eclipse/e4/ui/model/application/ui/basic/MTrimmedWindow.java:bundles/org.eclipse.e4.ui.model.workbench/src/org/eclipse/e4/ui/model/application/ui/menu/MMenuContribution.java:bundles/org.eclipse.e4.ui.model.workbench/src/org/eclipse/e4/ui/model/application/ui/menu/MMenuFactory.java:bundles/org.eclipse.e4.ui.model.workbench/src/org/eclipse/e4/ui/model/application/ui/menu/MToolBarContribution.java:bundles/org.eclipse.e4.ui.model.workbench/src/org/eclipse/e4/ui/model/application/ui/menu/impl/RenderedMenuImpl.java:bundles/org.eclipse.e4.ui.model.workbench/src/org/eclipse/e4/ui/model/application/commands/impl/CommandsPackageImpl.java:bundles/org.eclipse.e4.ui.model.workbench/src/org/eclipse/e4/ui/model/application/ui/advanced/util/AdvancedSwitch.java:bundles/org.eclipse.e4.ui.model.workbench/src/org/eclipse/e4/ui/model/application/commands/MKeyBinding.java:bundles/org.eclipse.e4.ui.model.workbench/src/org/eclipse/e4/ui/model/application/commands/impl/CommandImpl.java:bundles/org.eclipse.e4.ui.model.workbench/src/org/eclipse/e4/ui/model/application/ui/MUILabel.java:bundles/org.eclipse.e4.ui.model.workbench/src/org/eclipse/e4/ui/model/application/ui/menu/impl/MenuElementImpl.java:bundles/org.eclipse.e4.ui.model.workbench/src/org/eclipse/e4/ui/model/application/descriptor/basic/impl/BasicPackageImpl.java:bundles/org.eclipse.e4.ui.model.workbench/src/org/eclipse/e4/ui/model/application/ui/advanced/impl/PerspectiveStackImpl.java:bundles/org.eclipse.e4.ui.model.workbench/src/org/eclipse/e4/ui/model/application/ui/MExpression.java:bundles/org.eclipse.e4.ui.model.workbench/src/org/eclipse/e4/ui/model/application/ui/MUiFactory.java:bundles/org.eclipse.e4.ui.model.workbench/src/org/eclipse/e4/ui/model/application/ui/menu/impl/DirectToolItemImpl.java:bundles/org.eclipse.e4.ui.model.workbench/src/org/eclipse/e4/ui/model/application/ui/menu/impl/DirectMenuItemImpl.java:bundles/org.eclipse.e4.ui.model.workbench/src/org/eclipse/e4/ui/model/application/commands/impl/BindingContextImpl.java:bundles/org.eclipse.e4.ui.model.workbench/src/org/eclipse/e4/ui/model/application/impl/AddonImpl.java:bundles/org.eclipse.e4.ui.model.workbench/src/org/eclipse/e4/ui/model/application/ui/util/UiSwitch.java:bundles/org.eclipse.e4.ui.model.workbench/src/org/eclipse/e4/ui/model/application/commands/MCommandParameter.java:bundles/org.eclipse.e4.ui.model.workbench/src/org/eclipse/e4/ui/model/application/ui/basic/impl/TrimBarImpl.java:bundles/org.eclipse.e4.ui.model.workbench/model/UIElements.genmodel:bundles/org.eclipse.e4.ui.model.workbench/src/org/eclipse/e4/ui/model/application/ui/menu/MDirectToolItem.java:bundles/org.eclipse.e4.ui.model.workbench/src/org/eclipse/e4/ui/model/application/impl/ApplicationPackageImpl.java:bundles/org.eclipse.e4.ui.model.workbench/src/org/eclipse/e4/ui/model/application/ui/basic/MWindow.java:bundles/org.eclipse.e4.ui.model.workbench/src/org/eclipse/e4/ui/model/application/ui/menu/impl/ToolBarElementImpl.java:bundles/org.eclipse.e4.ui.model.workbench/src/org/eclipse/e4/ui/model/application/ui/basic/MPartStack.java:bundles/org.eclipse.e4.ui.model.workbench/src/org/eclipse/e4/ui/model/application/ui/menu/MToolControl.java:bundles/org.eclipse.e4.ui.model.workbench/src/org/eclipse/e4/ui/model/fragment/MStringModelFragment.java:bundles/org.eclipse.e4.ui.model.workbench/build.properties:bundles/org.eclipse.e4.ui.model.workbench/src/org/eclipse/e4/ui/model/application/MAddon.java:bundles/org.eclipse.e4.ui.model.workbench/src/org/eclipse/e4/ui/model/application/ui/advanced/MArea.java:bundles/org.eclipse.e4.ui.model.workbench/src/org/eclipse/e4/ui/model/application/ui/menu/MMenuContributions.java:bundles/org.eclipse.e4.ui.model.workbench/src/org/eclipse/e4/ui/model/application/ui/basic/MPartSashContainerElement.java:bundles/org.eclipse.e4.ui.model.workbench/src/org/eclipse/e4/ui/model/application/ui/advanced/MPerspective.java:bundles/org.eclipse.e4.ui.model.workbench/src/org/eclipse/e4/ui/model/application/commands/MBindingTable.java:bundles/org.eclipse.e4.ui.model.workbench/src/org/eclipse/e4/ui/model/application/ui/basic/impl/InputPartImpl.java:bundles/org.eclipse.e4.ui.model.workbench/src/org/eclipse/e4/ui/model/application/ui/MInput.java:bundles/org.eclipse.e4.ui.model.workbench/src/org/eclipse/e4/ui/model/application/ui/menu/impl/OpaqueMenuItemImpl.java:bundles/org.eclipse.e4.ui.model.workbench/src/org/eclipse/e4/ui/model/application/ui/MCoreExpression.java:bundles/org.eclipse.e4.ui.model.workbench/src/org/eclipse/e4/ui/model/application/ui/menu/impl/OpaqueToolItemImpl.java:bundles/org.eclipse.e4.ui.model.workbench/plugin.xml:bundles/org.eclipse.e4.ui.model.workbench/src/org/eclipse/e4/ui/model/application/ui/basic/impl/PartStackImpl.java:bundles/org.eclipse.e4.ui.model.workbench/src/org/eclipse/e4/ui/model/application/commands/MHandler.java:bundles/org.eclipse.e4.ui.model.workbench/src/org/eclipse/e4/ui/model/application/ui/menu/impl/ItemImpl.java:bundles/org.eclipse.e4.ui.model.workbench/src/org/eclipse/e4/ui/model/application/commands/MCategory.java:bundles/org.eclipse.e4.ui.model.workbench/src/org/eclipse/e4/ui/model/application/ui/advanced/impl/AdvancedFactoryImpl.java:bundles/org.eclipse.e4.ui.model.workbench/src/org/eclipse/e4/ui/model/application/ui/menu/impl/ToolItemImpl.java:bundles/org.eclipse.e4.ui.model.workbench/src/org/eclipse/e4/ui/model/application/ui/basic/MTrimElement.java:bundles/org.eclipse.e4.ui.model.workbench/src/org/eclipse/e4/ui/model/application/commands/impl/CommandParameterImpl.java:bundles/org.eclipse.e4.ui.model.workbench/src/org/eclipse/e4/ui/model/application/ui/menu/MHandledMenuItem.java:bundles/org.eclipse.e4.ui.model.workbench/src/org/eclipse/e4/ui/model/application/commands/MKeySequence.java:bundles/org.eclipse.e4.ui.model.workbench/src/org/eclipse/e4/ui/model/application/commands/impl/BindingTableImpl.java:bundles/org.eclipse.e4.ui.model.workbench/src/org/eclipse/e4/ui/model/application/commands/MParameter.java:bundles/org.eclipse.e4.ui.model.workbench/templates/model/README.txt:bundles/org.eclipse.e4.ui.model.workbench/src/org/eclipse/e4/ui/model/application/ui/MDirtyable.java:bundles/org.eclipse.e4.ui.model.workbench/src/org/eclipse/e4/ui/model/application/ui/menu/util/MenuAdapterFactory.java:bundles/org.eclipse.e4.ui.model.workbench/src/org/eclipse/e4/ui/model/application/commands/util/CommandsAdapterFactory.java:bundles/org.eclipse.e4.ui.model.workbench/src/org/eclipse/e4/ui/model/application/ui/menu/impl/ToolBarSeparatorImpl.java:bundles/org.eclipse.e4.ui.model.workbench/src/org/eclipse/e4/ui/model/application/ui/advanced/impl/AdvancedPackageImpl.java:bundles/org.eclipse.e4.ui.model.workbench/src/org/eclipse/e4/ui/model/application/ui/menu/MOpaqueMenuSeparator.java:bundles/org.eclipse.e4.ui.model.workbench/src/org/eclipse/e4/ui/model/application/ui/menu/impl/OpaqueMenuImpl.java:bundles/org.eclipse.e4.ui.model.workbench/src/org/eclipse/e4/ui/model/internal/ModelUtils.java:bundles/org.eclipse.e4.ui.model.workbench/src/org/eclipse/e4/ui/model/application/commands/MCommand.java:bundles/org.eclipse.e4.ui.model.workbench/model/UIElements.ecore:/COMMIT_MSG:bundles/org.eclipse.e4.ui.model.workbench/src/org/eclipse/e4/ui/model/application/ui/basic/impl/WindowImpl.java:bundles/org.eclipse.e4.ui.model.workbench/src/org/eclipse/e4/ui/model/application/ui/menu/impl/ToolControlImpl.java:bundles/org.eclipse.e4.ui.model.workbench/src/org/eclipse/e4/ui/model/application/commands/MBindingContext.java:bundles/org.eclipse.e4.ui.model.workbench/src/org/eclipse/e4/ui/model/application/ui/basic/impl/TrimElementImpl.java:bundles/org.eclipse.e4.ui.model.workbench/src/org/eclipse/e4/ui/model/application/ui/menu/MTrimContribution.java:bundles/org.eclipse.e4.ui.model.workbench/src/org/eclipse/e4/ui/model/application/descriptor/basic/MBasicFactory.java:bundles/org.eclipse.e4.ui.model.workbench/src/org/eclipse/e4/ui/model/application/ui/menu/MItem.java:bundles/org.eclipse.e4.ui.model.workbench/src/org/eclipse/e4/ui/model/application/ui/menu/MHandledItem.java:bundles/org.eclipse.e4.ui.model.workbench/src/org/eclipse/e4/ui/model/application/ui/menu/impl/MenuContributionImpl.java:bundles/org.eclipse.e4.ui.model.workbench/src/org/eclipse/e4/ui/model/application/ui/impl/GenericStackImpl.java:bundles/org.eclipse.e4.ui.model.workbench/model/ModelFragment.genmodel:bundles/org.eclipse.e4.ui.model.workbench/src/org/eclipse/e4/ui/model/application/ui/menu/MTrimContributions.java:bundles/org.eclipse.e4.ui.model.workbench/src/org/eclipse/e4/ui/model/application/descriptor/basic/MPartDescriptorContainer.java:bundles/org.eclipse.e4.ui.model.workbench/src/org/eclipse/e4/ui/model/application/descriptor/basic/impl/BasicFactoryImpl.java:bundles/org.eclipse.e4.ui.model.workbench/src/org/eclipse/e4/ui/model/application/ui/basic/MInputPart.java:bundles/org.eclipse.e4.ui.model.workbench/src/org/eclipse/e4/ui/model/application/ui/advanced/MPlaceholder.java:bundles/org.eclipse.e4.ui.model.workbench/src/org/eclipse/e4/ui/model/fragment/util/FragmentAdapterFactory.java:bundles/org.eclipse.e4.ui.model.workbench/src/org/eclipse/e4/ui/model/application/ui/menu/impl/ToolBarContributionImpl.java:bundles/org.eclipse.e4.ui.model.workbench/src/org/eclipse/e4/ui/model/application/ui/MGenericTile.java:bundles/org.eclipse.e4.ui.model.workbench/src/org/eclipse/e4/ui/model/application/commands/MHandlerContainer.java:bundles/org.eclipse.e4.ui.model.workbench/src/org/eclipse/e4/ui/model/application/ui/SideValue.java:bundles/org.eclipse.e4.ui.model.workbench/src/org/eclipse/e4/ui/model/application/ui/MGenericStack.java:bundles/org.eclipse.e4.ui.model.workbench/src/org/eclipse/e4/ui/model/application/ui/MUIElement.java:bundles/org.eclipse.e4.ui.model.workbench/src/org/eclipse/e4/ui/model/application/ui/advanced/impl/PerspectiveImpl.java:bundles/org.eclipse.e4.ui.model.workbench/src/org/eclipse/e4/ui/model/application/ui/basic/impl/BasicPackageImpl.java:bundles/org.eclipse.e4.ui.model.workbench/src/org/eclipse/e4/ui/model/application/ui/basic/MPartSashContainer.java:bundles/org.eclipse.e4.ui.model.workbench/src/org/eclipse/e4/ui/model/application/ui/menu/impl/MenuSeparatorImpl.java:bundles/org.eclipse.e4.ui.model.workbench/src/org/eclipse/e4/ui/model/application/ui/menu/MMenuItem.java:bundles/org.eclipse.e4.ui.model.workbench/src/org/eclipse/e4/ui/model/application/ui/MSnippetContainer.java:bundles/org.eclipse.e4.ui.model.workbench/src/org/eclipse/e4/ui/model/fragment/impl/FragmentFactoryImpl.java:bundles/org.eclipse.e4.ui.model.workbench/src/org/eclipse/e4/ui/model/application/commands/impl/CommandsFactoryImpl.java:bundles/org.eclipse.e4.ui.model.workbench/src/org/eclipse/e4/ui/model/application/ui/impl/GenericTileImpl.java:bundles/org.eclipse.e4.ui.model.workbench/src/org/eclipse/e4/ui/model/application/impl/ApplicationFactoryImpl.java:bundles/org.eclipse.e4.ui.model.workbench/src/org/eclipse/e4/ui/model/application/ui/menu/MHandledToolItem.java:bundles/org.eclipse.e4.ui.model.workbench/src/org/eclipse/e4/ui/model/application/ui/menu/MToolItem.java:bundles/org.eclipse.e4.ui.model.workbench/src/org/eclipse/e4/ui/model/application/ui/menu/impl/RenderedMenuItemImpl.java:bundles/org.eclipse.e4.ui.model.workbench/src/org/eclipse/e4/ui/model/application/util/ApplicationSwitch.java:bundles/org.eclipse.e4.ui.model.workbench/src/org/eclipse/e4/ui/model/application/ui/menu/MMenuSeparator.java:bundles/org.eclipse.e4.ui.model.workbench/src/org/eclipse/e4/ui/model/application/commands/impl/ParameterImpl.java:bundles/org.eclipse.e4.ui.model.workbench/src/org/eclipse/e4/ui/model/application/ui/advanced/impl/AreaImpl.java:bundles/org.eclipse.e4.ui.model.workbench/src/org/eclipse/e4/ui/model/application/ui/impl/UIElementImpl.java:bundles/org.eclipse.e4.ui.model.workbench/src/org/eclipse/e4/ui/model/application/descriptor/basic/MPartDescriptor.java:bundles/org.eclipse.e4.ui.model.workbench/src/org/eclipse/e4/ui/model/application/ui/menu/MPopupMenu.java:bundles/org.eclipse.e4.ui.model.workbench/src/org/eclipse/e4/ui/model/application/ui/menu/MToolBarElement.java:bundles/org.eclipse.e4.ui.model.workbench/src/org/eclipse/e4/ui/model/application/ui/menu/MMenu.java:bundles/org.eclipse.e4.ui.model.workbench/src/org/eclipse/e4/ui/model/application/ui/MElementContainer.java:bundles/org.eclipse.e4.ui.model.workbench/src/org/eclipse/e4/ui/model/application/ui/menu/MRenderedToolBar.java:bundles/org.eclipse.e4.ui.model.workbench/src/org/eclipse/e4/ui/model/application/ui/impl/ExpressionImpl.java:bundles/org.eclipse.e4.ui.model.workbench/src/org/eclipse/e4/ui/model/fragment/MFragmentFactory.java:bundles/org.eclipse.e4.ui.model.workbench/src/org/eclipse/e4/ui/model/application/commands/impl/CategoryImpl.java:bundles/org.eclipse.e4.ui.model.workbench/src/org/eclipse/e4/ui/model/fragment/MModelFragments.java:bundles/org.eclipse.e4.ui.model.workbench/src/org/eclipse/e4/ui/model/fragment/util/FragmentSwitch.java:bundles/org.eclipse.e4.ui.model.workbench/src/org/eclipse/e4/ui/model/application/ui/basic/MBasicFactory.java:bundles/org.eclipse.e4.ui.model.workbench/src/org/eclipse/e4/ui/model/application/ui/basic/impl/TrimmedWindowImpl.java:bundles/org.eclipse.e4.ui.model.workbench/src/org/eclipse/e4/ui/model/application/impl/MWorkbenchModelActivator.java:bundles/org.eclipse.e4.ui.model.workbench/src/org/eclipse/e4/ui/model/application/ui/MGenericTrimContainer.java:bundles/org.eclipse.e4.ui.model.workbench/src/org/eclipse/e4/ui/model/application/ui/menu/MOpaqueMenu.java:bundles/org.eclipse.e4.ui.model.workbench/src/org/eclipse/e4/ui/model/application/ui/menu/impl/HandledMenuItemImpl.java:bundles/org.eclipse.e4.ui.model.workbench/src/org/eclipse/e4/ui/model/application/impl/ApplicationImpl.java:bundles/org.eclipse.e4.ui.model.workbench/src/org/eclipse/e4/ui/model/application/ui/basic/util/BasicSwitch.java:bundles/org.eclipse.e4.ui.model.workbench/src/org/eclipse/e4/ui/model/application/ui/menu/impl/MenuImpl.java:bundles/org.eclipse.e4.ui.model.workbench/templates/model/Class.javajet:bundles/org.eclipse.e4.ui.model.workbench/src/org/eclipse/e4/ui/model/application/ui/menu/impl/ToolBarImpl.java:bundles/org.eclipse.e4.ui.model.workbench/src/org/eclipse/e4/ui/model/application/ui/basic/MTrimBar.java:bundles/org.eclipse.e4.ui.model.workbench/src/org/eclipse/e4/ui/model/application/ui/impl/GenericTrimContainerImpl.java:bundles/org.eclipse.e4.ui.model.workbench/src/org/eclipse/e4/ui/model/application/ui/menu/impl/OpaqueMenuSeparatorImpl.java:bundles/org.eclipse.e4.ui.model.workbench/src/org/eclipse/e4/ui/model/application/ui/menu/impl/RenderedToolBarImpl.java:bundles/org.eclipse.e4.ui.model.workbench/src/org/eclipse/e4/ui/model/application/ui/menu/MOpaqueToolItem.java:bundles/org.eclipse.e4.ui.model.workbench/src/org/eclipse/e4/ui/model/application/ui/menu/util/MenuSwitch.java:bundles/org.eclipse.e4.ui.model.workbench/src/org/eclipse/e4/ui/model/application/impl/ContributionImpl.java:bundles/org.eclipse.e4.ui.model.workbench/src/org/eclipse/e4/ui/model/application/ui/advanced/util/AdvancedAdapterFactory.java:bundles/org.eclipse.e4.ui.model.workbench/src/org/eclipse/e4/ui/model/application/ui/menu/MRenderedMenu.java:bundles/org.eclipse.e4.ui.model.workbench/src/org/eclipse/e4/ui/model/application/ui/menu/MDynamicMenuContribution.java:bundles/org.eclipse.e4.ui.model.workbench/src/org/eclipse/e4/ui/model/application/ui/basic/MWindowElement.java:bundles/org.eclipse.e4.ui.model.workbench/src/org/eclipse/e4/ui/model/application/ui/menu/impl/MenuPackageImpl.java:bundles/org.eclipse.e4.ui.model.workbench/src/org/eclipse/e4/ui/model/application/ui/menu/impl/MenuItemImpl.java:bundles/org.eclipse.e4.ui.model.workbench/src/org/eclipse/e4/ui/model/application/ui/basic/MStackElement.java:bundles/org.eclipse.e4.ui.model.workbench/src/org/eclipse/e4/ui/model/application/ui/menu/MDirectMenuItem.java:bundles/org.eclipse.e4.ui.model.workbench/src/org/eclipse/e4/ui/model/application/ui/menu/impl/HandledItemImpl.java:bundles/org.eclipse.e4.ui.model.workbench/src/org/eclipse/e4/ui/model/application/commands/impl/KeyBindingImpl.java:bundles/org.eclipse.e4.ui.model.workbench/src/org/eclipse/e4/ui/model/application/ui/menu/impl/TrimContributionImpl.java:bundles/org.eclipse.e4.ui.model.workbench/src/org/eclipse/e4/ui/model/application/commands/MBindingTableContainer.java:bundles/org.eclipse.e4.ui.model.workbench/plugin.properties:bundles/org.eclipse.e4.ui.model.workbench/src/org/eclipse/e4/ui/model/application/ui/impl/ElementContainerImpl.java:bundles/org.eclipse.e4.ui.model.workbench/src/org/eclipse/e4/ui/model/application/ui/menu/impl/HandledToolItemImpl.java:bundles/org.eclipse.e4.ui.model.workbench/src/org/eclipse/e4/ui/model/application/descriptor/basic/util/BasicSwitch.java:bundles/org.eclipse.e4.ui.model.workbench/src/org/eclipse/e4/ui/model/application/commands/MBindings.java:bundles/org.eclipse.e4.ui.model.workbench/src/org/eclipse/e4/ui/model/application/descriptor/basic/util/BasicAdapterFactory.java:bundles/org.eclipse.e4.ui.model.workbench/src/org/eclipse/e4/ui/model/fragment/MModelFragment.java:bundles/org.eclipse.e4.ui.model.workbench/src/org/eclipse/e4/ui/model/application/ui/impl/UiFactoryImpl.java:tests/org.eclipse.e4.ui.tests/src/org/eclipse/e4/ui/tests/application/ModelRobustnessTest.java:bundles/org.eclipse.e4.ui.model.workbench/src/org/eclipse/e4/ui/model/application/ui/impl/CoreExpressionImpl.java:bundles/org.eclipse.e4.ui.model.workbench/model/ModelFragment.ecore:bundles/org.eclipse.e4.ui.model.workbench/src/org/eclipse/e4/ui/model/application/ui/menu/impl/PopupMenuImpl.java:bundles/org.eclipse.e4.ui.model.workbench/src/org/eclipse/e4/ui/model/application/impl/StringToObjectMapImpl.java:bundles/org.eclipse.e4.ui.model.workbench/src/org/eclipse/e4/ui/model/application/util/ApplicationAdapterFactory.java:bundles/org.eclipse.e4.ui.model.workbench/src/org/eclipse/e4/ui/model/application/commands/MCommandsFactory.java:bundles/org.eclipse.e4.ui.model.workbench/src/org/eclipse/e4/ui/model/application/ui/basic/MPart.java:bundles/org.eclipse.e4.ui.model.workbench/src/org/eclipse/e4/ui/model/application/ui/basic/impl/PartImpl.java:bundles/org.eclipse.e4.ui.model.workbench/src/org/eclipse/e4/ui/model/application/ui/menu/MRenderedMenuItem.java:bundles/org.eclipse.e4.ui.model.workbench/src/org/eclipse/e4/ui/model/application/ui/util/UiAdapterFactory.java:bundles/org.eclipse.e4.ui.model.workbench/src/org/eclipse/e4/ui/model/application/impl/StringToStringMapImpl.java:bundles/org.eclipse.e4.ui.model.workbench/src/org/eclipse/e4/ui/model/application/ui/basic/util/BasicAdapterFactory.java:bundles/org.eclipse.e4.ui.model.workbench/src/org/eclipse/e4/ui/model/application/ui/impl/UiPackageImpl.java:bundles/org.eclipse.e4.ui.model.workbench/src/org/eclipse/e4/ui/model/application/ui/advanced/MAdvancedFactory.java:bundles/org.eclipse.e4.ui.model.workbench/src/org/eclipse/e4/ui/model/application/MApplication.java:bundles/org.eclipse.e4.ui.model.workbench/src/org/eclipse/e4/ui/model/application/ui/menu/ItemType.java:bundles/org.eclipse.e4.ui.model.workbench/src/org/eclipse/e4/ui/model/application/MApplicationFactory.java:bundles/org.eclipse.e4.ui.model.workbench/src/org/eclipse/e4/ui/model/application/ui/advanced/MPerspectiveStack.java:bundles/org.eclipse.e4.ui.model.workbench/src/org/eclipse/e4/ui/model/application/ui/menu/impl/MenuFactoryImpl.java:bundles/org.eclipse.e4.ui.model.workbench/src/org/eclipse/e4/ui/model/application/ui/advanced/impl/PlaceholderImpl.java:bundles/org.eclipse.e4.ui.model.workbench/src/org/eclipse/e4/ui/model/application/ui/menu/MMenuElement.java:bundles/org.eclipse.e4.ui.model.workbench/src/org/eclipse/e4/ui/model/application/commands/impl/HandlerImpl.java:bundles/org.eclipse.e4.ui.model.workbench/src/org/eclipse/e4/ui/model/application/MContribution.java:bundles/org.eclipse.e4.ui.model.workbench/src/org/eclipse/e4/ui/model/application/ui/menu/MOpaqueMenuItem.java:bundles/org.eclipse.e4.ui.model.workbench/src/org/eclipse/e4/ui/model/application/impl/ApplicationElementImpl.java,true,2013-05-08,2013-05-13,3526,Bug 403111: Remove EMF code generator overrides in E4 model generation,"Bug 403111: Remove EMF code generator overrides in E4 model generation

* Removed custom template, and reference to it from UIElements.genmodel.
* Regenerated code.
* Tested with JUnits and running workbench.
* Adjusted ModelRobustnessTest to recognize EMF bug 407539.

Change-Id: I88d8f5ec94dc37dba7dec5eb8baeb8e8c47e5e99",false,true,true,false,true,false
12652,I163a93bb2497137fda87091ee69e0f30e0b43002,https://git.eclipse.org/r/#/c/12652,1,238a0e897e56a05d3b840b424a90115f16672a5a,b3466a4569d97050675cab457e8dba6872dba235,:bundles/org.eclipse.e4.ui.workbench/src/org/eclipse/e4/ui/internal/workbench/ModelAssembler.java,true,2013-05-08,2013-05-09,6,Bug 407583 - Avoid spurious NPE when model processor was not created,Bug 407583 - Avoid spurious NPE when model processor was not created,false,false,false,true,false,false
12673,I4577341b00f3de3f90f1d74437b22aef4e903558,https://git.eclipse.org/r/#/c/12673,3,e7ce5536254aa66c4c7a39d44963d0b1c8d3e5bb,31c2db27cc3eaa9339ffaee9ab6b9943908d6154,:bundles/org.eclipse.ui.workbench/Eclipse UI/org/eclipse/ui/internal/services/EvaluationService.java:bundles/org.eclipse.ui/plugin.xml:/COMMIT_MSG:bundles/org.eclipse.ui.workbench/Eclipse UI/org/eclipse/ui/internal/handlers/AbstractSaveHandler.java:bundles/org.eclipse.ui.workbench/Eclipse UI/org/eclipse/ui/internal/handlers/SaveAllHandler.java:bundles/org.eclipse.ui.workbench/Eclipse UI/org/eclipse/ui/internal/WorkbenchPage.java:bundles/org.eclipse.ui.workbench/Eclipse UI/org/eclipse/ui/actions/ActionFactory.java,true,2013-05-09,2013-05-09,226,Bug 396418 - Command org.eclipse.ui.file.save always disabled,Bug 396418 - Command org.eclipse.ui.file.save always disabled,false,false,false,true,false,false
12690,I4037e9db03a4416e43b9b30719bef3f89dd49cc1,https://git.eclipse.org/r/#/c/12690,3,31c2db27cc3eaa9339ffaee9ab6b9943908d6154,76e17cdd188ac9f7a78ac0a9c628ca95e126b2ca,:bundles/org.eclipse.ui.ide/src/org/eclipse/ui/internal/wizards/datatransfer/WizardProjectsImportPage.java:bundles/org.eclipse.ui.ide/src/org/eclipse/ui/internal/wizards/datatransfer/DataTransferMessages.java:bundles/org.eclipse.ui.ide/src/org/eclipse/ui/internal/wizards/datatransfer/messages.properties,true,2013-05-09,2013-10-24,41,"Bug 407418 - ""Import Existing Project"" wizard should allow filtering of already-installed projects","Bug 407418 - ""Import Existing Project"" wizard should allow filtering of already-installed projects",false,false,true,true,false,false
12694,I472bc7ddf01f33372f6531aa8d011553a6123a62,https://git.eclipse.org/r/#/c/12694,3,c2df3a70fd154cb7e79923e691ae709c4631da54,b91c565e99c824565abaa7a5f065d88b395bef8d,:bundles/org.eclipse.e4.ui.workbench/src/org/eclipse/e4/ui/internal/workbench/PartServiceImpl.java,true,2013-05-09,2013-05-14,6,Bug 402073 - Keyboard shortcuts sometimes do not work for other windows,"Bug 402073 - Keyboard shortcuts sometimes do not work for other windows

Change-Id: I472bc7ddf01f33372f6531aa8d011553a6123a62",false,false,true,true,false,false
12762,I2593e194d9a7a606ef7944d9cdf0e4d4dc64777b,https://git.eclipse.org/r/#/c/12762,1,5641a5c9f419f0cc89ffa0cb7d3f581dc71c9ee4,cea5403fa53c7ac1b0eed6f8c3f199f383979c52,:/COMMIT_MSG,false,2013-05-13,2013-05-14,13,Fix for Bug 407377 - CCE when trying to close minimized view via context menu (fix EA),"Fix for Bug 407377 - CCE when trying to close minimized view via context
menu (fix EA)

Change-Id: I2593e194d9a7a606ef7944d9cdf0e4d4dc64777b",false,false,false,false,false,false
12777,I5d65eb1b06bec4f272a2bce1c71bfd7ebb513316,https://git.eclipse.org/r/#/c/12777,2,94e4ab906c88e5718e5b89ff746aa4f698e3c24f,ce8d277ff3b4897b0ba4f1a7c9af207873263ea6,:bundles/org.eclipse.e4.ui.workbench.addons.swt/src/org/eclipse/e4/ui/workbench/addons/minmax/MinMaxAddon.java,true,2013-05-14,2013-05-15,4,Fix for Bug 407505 - Maximise-Restore causes hidden editor area to be shown,"Fix for Bug 407505 - Maximise-Restore causes hidden editor area to be
shown

Change-Id: I5d65eb1b06bec4f272a2bce1c71bfd7ebb513316",false,false,false,false,false,false
12779,I79e186bc5d46cb365fb58bb29d349b60cec09553,https://git.eclipse.org/r/#/c/12779,2,08d1b5a29ac55aa24ab2b20d745844b999b9b409,ce281c73b2f51c2383c12a96b97440b1816a431a,:bundles/org.eclipse.ui.workbench/Eclipse UI/org/eclipse/ui/internal/CoolBarToTrimManager.java,true,2013-05-14,2013-05-14,24,Bug 402429 - hiddenToolBarItem perspective extension does not react to perspective changes,"Bug 402429 - hiddenToolBarItem perspective extension does not react to
perspective changes",false,false,false,false,false,false
12784,Ia7c737d26db1f1d04f566020265333e4c1beb76b,https://git.eclipse.org/r/#/c/12784,5,b2ceeb9afb264e7022c674e9ebb43ad1920389d4,88f700e5f33349485e27a2b37cd7ec6de0d16f35,:/COMMIT_MSG:tests/org.eclipse.ui.tests/Eclipse UI Tests/org/eclipse/ui/tests/api/APITestUtils.java:bundles/org.eclipse.ui.workbench/Eclipse UI/org/eclipse/ui/internal/SaveableHelper.java:bundles/org.eclipse.ui.workbench/Eclipse UI/org/eclipse/ui/internal/Workbench.java:bundles/org.eclipse.ui.workbench/Eclipse UI/org/eclipse/ui/internal/WorkbenchWindow.java:bundles/org.eclipse.ui.workbench/Eclipse UI/org/eclipse/ui/internal/handlers/SaveHandler.java:bundles/org.eclipse.e4.ui.workbench/src/org/eclipse/e4/ui/internal/workbench/PartServiceSaveHandler.java:bundles/org.eclipse.ui.workbench/Eclipse UI/org/eclipse/ui/internal/SaveAction.java:tests/org.eclipse.e4.ui.tests/src/org/eclipse/e4/ui/tests/application/EPartServiceTest.java:bundles/org.eclipse.e4.ui.workbench/src/org/eclipse/e4/ui/workbench/modeling/ISaveHandler.java:bundles/org.eclipse.e4.ui.workbench/src/org/eclipse/e4/ui/internal/workbench/PartServiceImpl.java:bundles/org.eclipse.ui.workbench/Eclipse UI/org/eclipse/ui/internal/handlers/SaveAllHandler.java:bundles/org.eclipse.ui.workbench/Eclipse UI/org/eclipse/ui/internal/WorkbenchPage.java,true,2013-05-14,2013-05-16,782,Bug 405562 - Save All saves only the selected Saveables in a ISaveablePart,"Bug 405562 - Save All saves only the selected Saveables in a
ISaveablePart

A different approach, go through the ui.workbench saveable code.

Change-Id: Ia7c737d26db1f1d04f566020265333e4c1beb76b",false,true,false,false,true,false
12799,I94f46f5e34f808e06f2a87bd4076bdc2eba7afe8,https://git.eclipse.org/r/#/c/12799,2,91d1f1fc25c0a839c2e3cc3df531b9f5fd5eded6,70429525765af5b8df8091f7576bd49d2e49f429,:bundles/org.eclipse.ui.navigator.resources/src/org/eclipse/ui/internal/navigator/resources/workbench/TabbedPropertySheetTitleProvider.java,true,2013-05-15,2013-05-15,5,bug 406903 [CommonNavigator] Unable to create project explorer,"bug 406903 [CommonNavigator] Unable to create project explorer 

Change-Id: I94f46f5e34f808e06f2a87bd4076bdc2eba7afe8",false,false,false,false,false,false
12804,I5f839634db8e3b67f67d6f93a82c8ec0c55863b8,https://git.eclipse.org/r/#/c/12804,2,c37aab7e7ef4d768200b7d259ff5c762b36ced94,2a08e4dd70249559c2d49ff5d1559fd39017ad20,:bundles/org.eclipse.ui.ide/src/org/eclipse/ui/views/markers/internal/MarkerMessages.java:bundles/org.eclipse.ui.ide/src/org/eclipse/ui/internal/ide/undo/UndoMessages.java:bundles/org.eclipse.ui.ide/src/org/eclipse/ui/internal/views/bookmarkexplorer/BookmarkMessages.java:bundles/org.eclipse.ui.workbench/Eclipse UI/org/eclipse/ui/internal/keys/NewKeysPreferencePage.properties:bundles/org.eclipse.ui.workbench/Eclipse UI/org/eclipse/ui/internal/testing/messages.properties:bundles/org.eclipse.e4.ui.workbench.renderers.swt/src/org/eclipse/e4/ui/internal/workbench/renderers/swt/messages.properties:bundles/org.eclipse.ui.workbench/Eclipse UI/org/eclipse/ui/internal/WorkbenchMessages.java:bundles/org.eclipse.ui.ide/src/org/eclipse/ui/internal/ide/IDEWorkbenchMessages.java:bundles/org.eclipse.ui.workbench/Eclipse UI/org/eclipse/ui/internal/themes/Theme.properties:bundles/org.eclipse.ui.ide/src/org/eclipse/ui/internal/ide/undo/messages.properties:bundles/org.eclipse.ui.ide/src/org/eclipse/ui/internal/wizards/datatransfer/DataTransferMessages.java:bundles/org.eclipse.ui.ide/src/org/eclipse/ui/internal/wizards/datatransfer/messages.properties:bundles/org.eclipse.ui.ide/src/org/eclipse/ui/internal/views/tasklist/messages.properties:bundles/org.eclipse.ui.workbench/Eclipse UI/org/eclipse/ui/internal/keys/NewKeysPreferenceMessages.java:bundles/org.eclipse.ui.browser/src/org/eclipse/ui/internal/browser/Messages.properties:bundles/org.eclipse.ui.workbench/Eclipse UI/org/eclipse/ui/internal/messages.properties:bundles/org.eclipse.ui.workbench/Eclipse UI/org/eclipse/ui/internal/progress/messages.properties:bundles/org.eclipse.e4.ui.workbench.renderers.swt/src/org/eclipse/e4/ui/internal/workbench/renderers/swt/SWTRenderersMessages.java:bundles/org.eclipse.ui.workbench/Eclipse UI/org/eclipse/ui/internal/progress/ProgressMessages.java:/COMMIT_MSG:bundles/org.eclipse.ui.ide/src/org/eclipse/ui/internal/views/bookmarkexplorer/messages.properties:bundles/org.eclipse.ui.workbench/Eclipse UI/org/eclipse/ui/internal/ExtensionEventHandler.properties:bundles/org.eclipse.ui.workbench/Eclipse UI/org/eclipse/ui/internal/keys/NativeKeyFormatter.properties:bundles/org.eclipse.ui.workbench/Eclipse UI/org/eclipse/ui/internal/ExtensionEventHandlerMessages.java:bundles/org.eclipse.ui.ide/src/org/eclipse/ui/views/markers/internal/messages.properties:bundles/org.eclipse.ui.ide/src/org/eclipse/ui/internal/ide/messages.properties:bundles/org.eclipse.ui.workbench/Eclipse UI/org/eclipse/ui/internal/keys/KeyAssistDialog.properties:bundles/org.eclipse.e4.ui.workbench.swt/src/org/eclipse/e4/ui/workbench/swt/internal/copy/WorkbenchSWTMessages.java:bundles/org.eclipse.ui.forms/src/org/eclipse/ui/internal/forms/Messages.properties:bundles/org.eclipse.ui.navigator/src/org/eclipse/ui/internal/navigator/messages.properties:bundles/org.eclipse.ui.workbench/Eclipse UI/org/eclipse/ui/internal/keys/KeyAssistMessages.java:bundles/org.eclipse.ui.browser/src/org/eclipse/ui/internal/browser/Messages.java:bundles/org.eclipse.ui.forms/src/org/eclipse/ui/internal/forms/Messages.java:bundles/org.eclipse.ui.ide/src/org/eclipse/ui/internal/views/tasklist/TaskListMessages.java:bundles/org.eclipse.ui.workbench/Eclipse UI/org/eclipse/ui/internal/themes/ThemeRegistryReader.properties:bundles/org.eclipse.ui.workbench/Eclipse UI/org/eclipse/ui/internal/wizards/preferences/PreferencesMessages.java:bundles/org.eclipse.ui.workbench/Eclipse UI/org/eclipse/ui/internal/testing/ContributionInfoMessages.java:bundles/org.eclipse.ui.navigator/src/org/eclipse/ui/internal/navigator/CommonNavigatorMessages.java:bundles/org.eclipse.ui.workbench/Eclipse UI/org/eclipse/ui/internal/wizards/preferences/messages.properties,true,2013-05-15,2013-05-16,702,Bug 407432 - Run the broken NLS string tool on UI bundles,"Bug 407432 - Run the broken NLS string tool on UI bundles

Change-Id: I5f839634db8e3b67f67d6f93a82c8ec0c55863b8",false,false,false,true,true,false
12819,Idacaf4ad01eff26cca72b5c0ca3b59aa7e73e8b8,https://git.eclipse.org/r/#/c/12819,4,873cbdf185eeb10c9cb4c97e9925ef57f84cb70f,d7b9bf35491a9472b4de11230c8736383eda422b,:bundles/org.eclipse.ui.workbench/Eclipse UI/org/eclipse/ui/internal/CoolBarToTrimManager.java,true,2013-05-15,2013-09-20,38,Bug 402429 - hiddenToolBarItem perspective extension does not react to perspective changes,"Bug 402429 - hiddenToolBarItem perspective extension does not react to
perspective changes",false,true,true,false,false,false
